tenure_label,tenure_id,house,state_id,state_name,constituency_id,constituency_name,mp_id,mp_name,allocated_cr,recommended_cr,sanctioned_cr,completed_cr,expenditure_cr,calamity_cr,,n_sanctioned,n_completed
17th Lok Sabha,5,Lok Sabha,35,Andaman And Nicobar Islands,1,ANDAMAN AND NICOBAR ISLANDS,3018937,Kuldeep Rai Sharma,12.85,9.0108,9.0108,0.9689,5.07,0,42,42,9
17th Lok Sabha,5,Lok Sabha,2,Andhra Pradesh,2,ANAKAPALLE,3018936,Beesetti Venkata Satyavathi,9.2,8.9891,8.9891,6.7043,8.19,0,69,69,61
17th Lok Sabha,5,Lok Sabha,2,Andhra Pradesh,3,HINDUPUR,3018343,Kuruva Gorantla Madhav,7.23,6.1314,6.1314,5.7364,5.78,0,64,64,61
17th Lok Sabha,5,Lok Sabha,2,Andhra Pradesh,4,VIJAYAWADA,3018341,Srinivas Kesineni,7.67,5.6592,5.6592,5.6592,5.66,0,91,91,91
17th Lok Sabha,5,Lok Sabha,2,Andhra Pradesh,5,NANDYAL,3018345,Pocha Brahmananda Reddy,9.44,8.8612,8.8112,7.2407,7.24,0,157,156,136
17th Lok Sabha,5,Lok Sabha,2,Andhra Pradesh,7,AMALAPURAM(SC),3018949,Smt Chinta Anuradha,11.77,11.6087,11.6087,3.7607,10.07,0,192,192,62
17th Lok Sabha,5,Lok Sabha,2,Andhra Pradesh,8,BAPATLA,3018947,Nandigam Suresh,9.14,8.6856,8.6856,8.1176,8.44,0,122,122,111
17th Lok Sabha,5,Lok Sabha,2,Andhra Pradesh,9,ARAKU(ST),3018338,Goddeti Madhavi,9.8,9.7927,9.7927,0.1689,7.53,0,189,189,7
17th Lok Sabha,5,Lok Sabha,2,Andhra Pradesh,10,NELLORE(SC),3018339,Adala Reddy,11.77,9.2437,9.2437,9.2437,9.24,0,90,90,90
17th Lok Sabha,5,Lok Sabha,2,Andhra Pradesh,11,TIRUPATI(SC),3018946,Maddila Gurumoorthy,9.39,8.111,8.111,5.3,6.78,0,100,100,63
17th Lok Sabha,5,Lok Sabha,2,Andhra Pradesh,12,ANANTAPUR,3018948,Talari Rangaiah,18.97,13.2332,13.2332,10.1939,10.64,0,199,199,171
17th Lok Sabha,5,Lok Sabha,2,Andhra Pradesh,13,SRIKAKULAM,3018939,Kinjarapu Ram Mohan Naidu,7.23,7.21,7.21,4.404,5.61,0,132,132,92
17th Lok Sabha,5,Lok Sabha,2,Andhra Pradesh,14,ONGOLE,3018340,Magunta Sreenivasulu Reddy,19.12,18.3479,18.3479,6.0646,12.34,0,346,346,110
17th Lok Sabha,5,Lok Sabha,2,Andhra Pradesh,15,ELURU,3018940,Kotagiri Sridhar,9.81,7.4246,7.4246,2.8996,3.81,0,75,75,31
17th Lok Sabha,5,Lok Sabha,2,Andhra Pradesh,16,NARASAPURAM,3018942,Raghu Ramakrishna Raju Kanumuru,11.79,8.4135,8.2635,3.3935,6.75,0,104,102,40
17th Lok Sabha,5,Lok Sabha,2,Andhra Pradesh,17,RAJAHMUNDRY,3017377,Shri Margani Bharat (17th Lok Sabha),9.81,9.8,9.8,0,8.07,0,15,15,0
17th Lok Sabha,5,Lok Sabha,2,Andhra Pradesh,18,GUNTUR,3018944,Jayadev Galla,11.77,10.7117,10.7117,9.0307,9.95,0,146,146,125
17th Lok Sabha,5,Lok Sabha,2,Andhra Pradesh,19,NARASARAOPET,3018945,Lavu Sri Krishna Devarayalu,8,7.9871,7.9871,4.0171,5.46,0,111,111,36
17th Lok Sabha,5,Lok Sabha,2,Andhra Pradesh,20,VISAKHAPATNAM,3018344,MVVV Satyanarayana,12.23,9.6039,9.6039,0.5462,5.14,0,55,55,16
17th Lok Sabha,5,Lok Sabha,2,Andhra Pradesh,21,KADAPA,3018943,Y S Avinash Reddy,10.08,9.5344,9.3944,6.0069,7.73,0,134,132,84
17th Lok Sabha,5,Lok Sabha,2,Andhra Pradesh,22,MACHILIPATNAM,3018342,Balashowry Vallabbhaneni,9.81,7.9208,7.7223,3.6171,5.79,0,97,94,69
17th Lok Sabha,5,Lok Sabha,2,Andhra Pradesh,23,KURNOOL,3017375,Dr Sanjeev Kumar Singari (17th Lok Sabha),11.47,11.4656,10.4933,8.8801,10.08,0,377,361,349
17th Lok Sabha,5,Lok Sabha,2,Andhra Pradesh,24,VIZIANAGARAM,3018938,Chandra Sekhar Bellana,11.24,8.9039,8.9039,5.3475,5.91,0,259,259,158
17th Lok Sabha,5,Lok Sabha,2,Andhra Pradesh,25,CHITTOOR,3017376,Shri N Reddeppa (17th Lok Sabha),9.81,9.6887,9.6887,0.3429,7.92,0,163,163,6
17th Lok Sabha,5,Lok Sabha,2,Andhra Pradesh,26,RAJAMPET,3018941,Midhun Reddy,9.92,9.6759,9.6029,3.8238,6.73,0,273,268,123
17th Lok Sabha,5,Lok Sabha,2,Andhra Pradesh,27,KAKINADA,3021881,Vanga Geetha Viswanath (17th Lok Sabha),12.23,6.9919,6.9919,6.7419,6.89,0,129,129,125
17th Lok Sabha,5,Lok Sabha,3,Arunachal Pradesh,28,ARUNACHAL WEST,3018950,Kiren Rijiju,9.81,9.7942,9.6742,5.5942,9.53,0,205,202,119
17th Lok Sabha,5,Lok Sabha,3,Arunachal Pradesh,29,ARUNACHAL EAST,3017378,Shri Tapir Gao (17th Lok Sabha),9.81,9.7794,9.7794,5.4544,9.73,0,133,133,67
17th Lok Sabha,5,Lok Sabha,5,Assam,30,BARPETA,3017379,Shri Abdul Khaleque (17th Lok Sabha),9.81,9.62,9.225,3.785,8.27,0,218,208,80
17th Lok Sabha,5,Lok Sabha,5,Assam,31,Darrang-Udalguri,3018955,Dilip Saikia,7.36,6.91,6.675,1.24,5.27,0,272,262,47
17th Lok Sabha,5,Lok Sabha,5,Assam,32,LAKHIMPUR,3018347,Pradan Baruah,5.44,5.1317,4.9867,0.7242,4.23,0,117,112,15
17th Lok Sabha,5,Lok Sabha,5,Assam,33,DIBRUGARH,3018952,Sh Teli Rameswar,9.81,9.31,7.735,0,6.36,0,138,118,0
17th Lok Sabha,5,Lok Sabha,5,Assam,34,JORHAT,3018348,Topon Kumar Gogoi,9.81,9.7305,9.7055,1.2155,8.69,0,186,185,28
17th Lok Sabha,5,Lok Sabha,5,Assam,35,Diphu (ST),3018956,Horen Sing Bey,9.81,9.8,9.6,0.55,8.74,0,39,38,2
17th Lok Sabha,5,Lok Sabha,5,Assam,36,KARIMGANJ (SC),3018957,Kripanath Mallah,9.81,9.7938,9.7938,0,9.68,0,70,70,0
17th Lok Sabha,5,Lok Sabha,5,Assam,37,DHUBRI,3018951,Maulana Ajmal Badruddin,4.91,4.8412,4.8412,3.1723,4.19,0,93,93,62
17th Lok Sabha,5,Lok Sabha,5,Assam,38,NOWGONG,3018958,Pradyut Bordoloi,4.91,4.6898,4.3748,0.2399,3.83,0,138,127,7
17th Lok Sabha,5,Lok Sabha,5,Assam,39,SILCHAR,3018346,Rajdeep Roy,4.78,4.7705,4.7705,4.3705,4.75,0,110,107,102
17th Lok Sabha,5,Lok Sabha,5,Assam,40,Kaziranga,3018953,Gaurav Gogoi,4.91,4.9,4.485,0.215,3.5,0,213,195,10
17th Lok Sabha,5,Lok Sabha,5,Assam,41,KOKRAJHAR (ST),3017380,Shri Naba (Hira) Kumar Sarania (17th Lok Sabha),7.36,7.2549,7.1599,1.7419,6.23,0,75,72,20
17th Lok Sabha,5,Lok Sabha,5,Assam,42,Sonitpur,3018954,Pallab Lochan Das,7.36,7.2995,7.2995,2.6229,6.82,0,128,128,45
17th Lok Sabha,5,Lok Sabha,5,Assam,43,GUWAHATI,3018349,Queen Oja,7.36,7.3499,6.6999,0.8999,6.35,0,28,25,4
17th Lok Sabha,5,Lok Sabha,6,Bihar,44,ARARIA,3018355,Pradeep Kumar Singh,9.81,9.7568,9.7568,9.7568,9.76,0,21,20,20
17th Lok Sabha,5,Lok Sabha,6,Bihar,45,KATIHAR,3017383,Shri Dulal Chandra Goswami (17th Lok Sabha),4.91,4.7673,4.7173,4.7173,4.72,0,59,58,58
17th Lok Sabha,5,Lok Sabha,6,Bihar,46,MUZAFFARPUR,3018352,Ajay Nishad,4.91,4.7471,4.7471,4.603,4.74,0,73,73,72
17th Lok Sabha,5,Lok Sabha,6,Bihar,47,VAISHALI,3017382,Smt Veena Devi (17th Lok Sabha),11.77,11.2626,11.2626,11.2626,11.26,0,76,76,76
17th Lok Sabha,5,Lok Sabha,6,Bihar,48,PATALIPUTRA,3018970,Ram Kripal Yadav,11.77,10.2414,10.2414,10.0786,10.08,0,325,325,318
17th Lok Sabha,5,Lok Sabha,6,Bihar,49,PATNA SAHIB,3018979,Ravi Shankar Prasad,11.77,10.3604,10.3604,10.104,10.28,0,202,202,198
17th Lok Sabha,5,Lok Sabha,6,Bihar,50,KARAKAT,3017172,Mahabali Singh,7.36,7.2804,7.2804,7.2804,7.28,0,106,106,106
17th Lok Sabha,5,Lok Sabha,6,Bihar,51,SIWAN,3018980,Smt Kavita Singh,9.81,9.6657,9.6657,9.6657,9.67,0,109,109,109
17th Lok Sabha,5,Lok Sabha,6,Bihar,52,ARRAH,3018978,Raj Kumar Singh,14.22,12.4875,12.4875,11.5543,11.69,0,98,98,90
17th Lok Sabha,5,Lok Sabha,6,Bihar,53,KISHANGANJ,3017384,Dr Mohammad Jawed (17th Lok Sabha),9.64,9.6395,9.6395,9.6395,9.64,0,124,124,124
17th Lok Sabha,5,Lok Sabha,6,Bihar,54,JAMUI(SC),3018965,Chirag Paswan,5.95,5.9346,5.9346,5.3946,5.39,0,233,233,222
17th Lok Sabha,5,Lok Sabha,6,Bihar,55,PURVI CHAMPARAN,3018969,Radha Mohan Singh,9.81,8.6158,8.6158,8.6158,8.62,0,63,63,63
17th Lok Sabha,5,Lok Sabha,6,Bihar,56,SHEOHAR,3018981,Smt Rama Devi,7.36,7.3027,7.3027,7.3027,7.3,0,88,88,88
17th Lok Sabha,5,Lok Sabha,6,Bihar,57,PURNEA,3017173,Santosh Kumar,9.81,9.7294,9.7294,9.7294,9.73,0,100,100,100
17th Lok Sabha,5,Lok Sabha,6,Bihar,57,PURNEA,3018971,Santosh Kumar,0,0,0,0,0,0,0,0,0
17th Lok Sabha,5,Lok Sabha,6,Bihar,58,SASARAM(SC),3018964,Chhedi Paswan,4.91,4.7694,4.7694,4.7475,4.75,0,86,86,84
17th Lok Sabha,5,Lok Sabha,6,Bihar,59,HAJIPUR(SC),3018976,Pashupati Kumar Paras,7.36,6.9701,6.9701,6.9701,6.97,0,78,78,78
17th Lok Sabha,5,Lok Sabha,6,Bihar,60,BHAGALPUR,3018351,Ajay Kumar Mandal,9.81,9.5852,9.5852,9.0052,9.01,0,93,93,88
17th Lok Sabha,5,Lok Sabha,6,Bihar,61,JAHANABAD,3018974,Chandeshwar Prasad,9.81,9.5274,9.5274,9.3294,9.5,0,244,244,239
17th Lok Sabha,5,Lok Sabha,6,Bihar,62,JHANJHARPUR,3018360,Ramprit Mandal,4.91,4.8847,4.8847,4.8847,4.88,0,61,61,61
17th Lok Sabha,5,Lok Sabha,6,Bihar,63,MADHUBANI,3018353,Ashok Kumar Yadav,7.36,7.0921,7.0921,7.0921,7.09,0,84,84,84
17th Lok Sabha,5,Lok Sabha,6,Bihar,64,NALANDA,3018354,Kaushalendra Kumar,9.81,8.2963,8.2963,8.2063,8.21,0,292,288,286
17th Lok Sabha,5,Lok Sabha,6,Bihar,64,NALANDA,3018968,Kaushalendra Kumar,0,0,0,0,0,0,0,0,0
17th Lok Sabha,5,Lok Sabha,6,Bihar,65,MADHEPURA,3018975,Dinesh Chandra Yadav,11.46,11.4168,11.4168,10.9783,11.2,0,128,128,124
17th Lok Sabha,5,Lok Sabha,6,Bihar,66,MUNGER,3018357,Rajiv Ranjan (Lalan) Singh,14.3,13.012,13.012,10.0976,10.26,0,342,342,276
17th Lok Sabha,5,Lok Sabha,6,Bihar,67,UJJARPUR,3021513,Nityanand Rai (17th Lok Sabha),9.81,9.5813,9.5813,9.5813,9.58,0,320,320,320
17th Lok Sabha,5,Lok Sabha,6,Bihar,68,SAMASTIPUR(SC),3017385,Shri  Prince Raj (17th Lok Sabha),7.36,7.2704,7.2704,7.1904,7.25,0,91,91,90
17th Lok Sabha,5,Lok Sabha,6,Bihar,69,BANKA,3018966,Giridhari Yadav,7.36,7.3087,7.3087,6.7492,7.2,0,85,85,75
17th Lok Sabha,5,Lok Sabha,6,Bihar,70,AURANGABAD_BR,3018973,Sushil Kumar Singh,11.77,10.7647,10.7647,9.3022,9.67,0,266,266,234
17th Lok Sabha,5,Lok Sabha,6,Bihar,71,KHAGARIA,3018959,Chaudhary Mehboob Ali Kaiser,4.91,4.7555,4.7555,4.7138,4.71,0,162,162,159
17th Lok Sabha,5,Lok Sabha,6,Bihar,72,SITAMARHI,3018358,Sunil Kumar Pintu,9.81,9.6768,9.6768,9.6768,9.68,0,179,179,179
17th Lok Sabha,5,Lok Sabha,6,Bihar,73,SUPAUL,3018359,Dileshwar Kamait,5.57,5.5692,5.5692,5.5692,5.57,0,48,48,48
17th Lok Sabha,5,Lok Sabha,6,Bihar,74,DARBHANGA,3018961,Mr Gopal Jee Thakur,11.77,11.7055,11.7055,11.435,11.43,0,273,273,268
17th Lok Sabha,5,Lok Sabha,6,Bihar,75,SARAN,3018356,Rajiv Pratap Rudy,28.92,18.9497,18.9497,3.2588,7.19,0,47,47,17
17th Lok Sabha,5,Lok Sabha,6,Bihar,76,MAHARAJGANJ_BR,3017381,Shri Janardan Singh Sigriwal (17th Lok Sabha),11.77,10.8987,10.8987,10.3579,10.41,0,102,102,97
17th Lok Sabha,5,Lok Sabha,6,Bihar,77,BEGUSARAI,3018967,Giriraj Singh,9.81,9.436,9.436,8.4262,9.04,0,78,78,70
17th Lok Sabha,5,Lok Sabha,6,Bihar,78,VALMIKI NAGAR,3018972,Sunil Kumar,7.36,7.3226,7.3226,7.07,7.07,0,82,82,79
17th Lok Sabha,5,Lok Sabha,6,Bihar,79,PASCHIM CHAMPARAN,3018960,Sanjay Jaiswal,11.77,11.1684,11.1284,10.8984,10.9,0,240,239,234
17th Lok Sabha,5,Lok Sabha,6,Bihar,80,BUXAR,3018962,Ashwini Kumar Choubey,7.36,5.8234,5.8234,4.9439,5.03,0,70,70,62
17th Lok Sabha,5,Lok Sabha,6,Bihar,81,NAWADA,3018963,Chandan Singh,11.77,11.6314,11.5989,10.8986,11.01,0,339,334,318
17th Lok Sabha,5,Lok Sabha,6,Bihar,82,GAYA (SC),3018361,vijay kumar,7.36,6.8485,6.8485,6.6735,6.75,0,90,90,87
17th Lok Sabha,5,Lok Sabha,6,Bihar,83,GOPALGANJ (SC),3018350,Alok Kumar Suman,7.36,7.0372,7.0372,7.0372,7.04,0,104,104,104
17th Lok Sabha,5,Lok Sabha,7,Chandigarh,84,CHANDIGARH,3018982,Smt Kirron Kher,6.75,5.2988,5.2988,4.0575,4.71,0,28,28,23
17th Lok Sabha,5,Lok Sabha,8,Chhattisgarh,85,RAIGARH(ST),3018987,Smt Gomati Sai,5.38,4.1128,4.1128,3.6504,3.86,0,64,64,51
17th Lok Sabha,5,Lok Sabha,8,Chhattisgarh,86,DURG,3018986,Vijay Baghel,7.36,7.1017,7.1017,6.0067,6.91,0,136,136,115
17th Lok Sabha,5,Lok Sabha,8,Chhattisgarh,87,KORBA,3018366,Jyotsna Charandas Mahant,4.8,4.7952,4.7952,3.8752,4.48,0,110,110,86
17th Lok Sabha,5,Lok Sabha,8,Chhattisgarh,88,KANKER(ST),3018983,Mohan Mandavi,7.27,7.2671,7.2671,6.4021,7.14,0,153,153,130
17th Lok Sabha,5,Lok Sabha,8,Chhattisgarh,89,JANJGIR CHAMPA(SC),3018362,Guharam Ajgalley,4.87,4.8688,4.8688,4.7688,4.84,0,148,148,147
17th Lok Sabha,5,Lok Sabha,8,Chhattisgarh,90,MAHASAMUND,3018364,Chunni lal Sahu,4.96,4.8983,4.8983,4.3583,4.7,0,91,91,81
17th Lok Sabha,5,Lok Sabha,8,Chhattisgarh,91,BILASPUR,3018363,Arun Sao,7.35,6.855,6.805,4.915,6.1,0,149,148,107
17th Lok Sabha,5,Lok Sabha,8,Chhattisgarh,92,BASTAR(ST),3018984,Deepak Baij,7.36,7.2754,6.7071,4.7404,5.75,0,163,150,123
17th Lok Sabha,5,Lok Sabha,8,Chhattisgarh,93,RAIPUR,3018985,Sunil Kumar Soni,9.45,9.4457,9.4457,7.4367,8.92,0,217,217,170
17th Lok Sabha,5,Lok Sabha,8,Chhattisgarh,94,RAJNANDGAON,3018365,Santosh Pandey,7.36,6.8575,6.8575,6.123,6.5,0,166,166,150
17th Lok Sabha,5,Lok Sabha,8,Chhattisgarh,95,SARGUJA(ST),3018988,Smt Renuka Singh Saruta,7.35,7.3222,7.1872,4.9201,6.65,0,200,191,85
17th Lok Sabha,5,Lok Sabha,11,Delhi,98,NORTH WEST DELHI(SC),3019999,Hans Raj Hans (17th Lok Sabha),11.77,10.504,9.422,2.3769,8.45,0,95,83,40
17th Lok Sabha,5,Lok Sabha,11,Delhi,99,CHANDINI CHOWK,3019998,Dr Harsh Vardhan (17th Lok Sabha),14.22,12.0105,10.9799,4.8415,8.92,0,196,182,88
17th Lok Sabha,5,Lok Sabha,11,Delhi,100,EAST DELHI,3020008,Gautam Gambhir (17th Lok Sabha),9.81,7.6773,6.5606,2.3746,6.53,0,25,21,16
17th Lok Sabha,5,Lok Sabha,11,Delhi,101,NORTH EAST DELHI,3020007,Manoj Tiwari (17th Lok Sabha),9.81,6.5337,6.4887,2.3215,5.53,0,41,40,25
17th Lok Sabha,5,Lok Sabha,11,Delhi,102,WEST DELHI,3020004,Parvesh Sahib Singh (17th Lok Sabha),11.77,11.2983,11.2983,2.8052,10.95,0,98,98,54
17th Lok Sabha,5,Lok Sabha,11,Delhi,103,NEW DELHI,3020002,Meenakshi Lekhi (17th Lok Sabha),9.81,8.9083,4.396,3.9703,4.19,0,31,22,18
17th Lok Sabha,5,Lok Sabha,11,Delhi,104,SOUTH DELHI,3020003,Ramesh Bidhuri (17th Lok Sabha),9.81,8.7081,8.2081,0.8608,6.71,0,41,40,19
17th Lok Sabha,5,Lok Sabha,12,Goa,105,SOUTH GOA,3018367,Francisco Cosme Sardinha,9.81,9.3396,9.3396,2.5706,7.59,0,75,75,39
17th Lok Sabha,5,Lok Sabha,12,Goa,106,NORTH GOA,3018989,Shripad Yesso Naik,11.77,11.4166,5.1877,0.2698,4.43,0,50,22,2
17th Lok Sabha,5,Lok Sabha,27,Gujarat,107,BANASKANTHA,3018998,Parbatbhai Savabhai Patel,7.36,7.3068,7.1068,5.2408,5.97,0,153,149,119
17th Lok Sabha,5,Lok Sabha,27,Gujarat,108,VADODARA,3018977,Smt Ranjanben Dhananjay Bhatt(17th Lok Sabha),7.36,6.3879,6.2849,6.2849,6.28,0,110,109,109
17th Lok Sabha,5,Lok Sabha,27,Gujarat,109,PORBANDAR,3017387,Shri Rameshbhai Lavjibhai Dhaduk (17th Lok Sabha),7.36,5.6975,5.5175,4.854,5,0,179,175,161
17th Lok Sabha,5,Lok Sabha,27,Gujarat,110,MAHESANA,3019006,Smt Shardaben Anilbhai Patel,9.81,9.1205,8.8455,7.2232,7.9,0,474,463,395
17th Lok Sabha,5,Lok Sabha,27,Gujarat,111,VALSAD(ST),3017386,Dr K C Patel (17th Lok Sabha),9.81,9.6388,9.6388,9.6388,9.64,0,298,298,298
17th Lok Sabha,5,Lok Sabha,27,Gujarat,112,AMRELI,3018997,Naranbhai Bhikhabhai Kachhadiya,7.36,7.0776,7.0076,5.8952,6.03,0,267,264,215
17th Lok Sabha,5,Lok Sabha,27,Gujarat,113,BARDOLI(ST),3018999,Prabhubhai Nagarbhai Vasava,9.81,5.0932,5.0932,4.9432,5.07,0,168,168,167
17th Lok Sabha,5,Lok Sabha,27,Gujarat,114,SURAT,3019004,Smt Darshana Vikram Jardosh,7.36,6.9078,6.9078,6.5428,6.55,0,63,63,61
17th Lok Sabha,5,Lok Sabha,27,Gujarat,115,ANAND,3018996,Mitesh Rameshbhai Bakabhai Patel,7.36,7.1324,7.0899,6.3564,6.42,0,399,396,355
17th Lok Sabha,5,Lok Sabha,27,Gujarat,116,DAHOD(ST),3018994,Jaswantsinh Sumanbhai Bhabhor,9.81,8.1664,8.1464,3.0319,4.15,0,480,479,112
17th Lok Sabha,5,Lok Sabha,27,Gujarat,117,PATAN,3018991,Bharatsinhji Shankarji Dabhi,7.36,6.8817,6.7617,5.1818,6.03,0,228,225,178
17th Lok Sabha,5,Lok Sabha,27,Gujarat,118,SURENDRANAGAR,3017391,Dr Mahendrabhai Munjapara (17th Lok Sabha),9.81,8.9721,8.8921,7.4873,8.45,0,267,264,232
17th Lok Sabha,5,Lok Sabha,27,Gujarat,119,BHAVNAGAR,3018990,Bharatiben Dhirubhai Shyal,9.81,9.4443,8.6868,6.755,7.92,0,390,369,263
17th Lok Sabha,5,Lok Sabha,27,Gujarat,120,JAMNAGAR,3019005,Smt Poonamben Hematbhai Maadam,12.38,10.2708,10.2708,6.8058,7.9,0,317,317,213
17th Lok Sabha,5,Lok Sabha,27,Gujarat,121,NAVSARI,3018992,C R Patil,6.89,6.8252,6.8252,5.7402,5.79,0,162,162,139
17th Lok Sabha,5,Lok Sabha,27,Gujarat,122,JUNAGADH,3017388,Shri Rajeshbhai Naranbhai Chudasama (17th Lok Sabha),9.81,5.8174,5.8174,5.0946,5.55,0,171,171,154
17th Lok Sabha,5,Lok Sabha,27,Gujarat,123,KHEDA,3017181,Devusinh Jesingbhai Chauhan,9.81,9.1585,9.0205,6.5699,6.88,0,463,458,373
17th Lok Sabha,5,Lok Sabha,27,Gujarat,124,AHMEDABAD EAST,3017392,Shri Hasmukhbhai Somabhai Patel (17th Lok Sabha),0,0,0,0,0,0,0,0,0
17th Lok Sabha,5,Lok Sabha,27,Gujarat,124,AHMEDABAD EAST,3019002,Hasmukh Bhai Soma Bhai Patel,7.36,6.8006,6.8006,4.3584,4.81,0,161,161,89
17th Lok Sabha,5,Lok Sabha,27,Gujarat,125,AHMEDABAD WEST(SC),3019240,Kirit Premjibhai Solanki(17th Lok Sabha),6.01,6.0129,6.0129,3.3694,3.47,0,77,77,30
17th Lok Sabha,5,Lok Sabha,27,Gujarat,126,GANDHINAGAR,3047999,Amit Shah (Ex 17 Lok Sabha),7.35,6.0736,6.0736,3.0839,3.45,0,142,142,77
17th Lok Sabha,5,Lok Sabha,27,Gujarat,127,KACHCHH(SC),3019001,Vinod Chavda(17th Lok Sabha),7.36,6.7832,6.7832,3.9482,4.82,0,191,191,113
17th Lok Sabha,5,Lok Sabha,27,Gujarat,128,RAJKOT,3017390,Shri Mohanbhai Kalyanji Kundariya (17th Lok Sabha),11.77,10.008,9.983,9.4536,9.58,0,272,271,257
17th Lok Sabha,5,Lok Sabha,27,Gujarat,129,SABARKANTHA,3018993,Dipsinh Shankarsinh Rathod,7.36,7.1433,7.1183,4.6864,6.43,0,218,217,128
17th Lok Sabha,5,Lok Sabha,27,Gujarat,130,CHHOTA UDAIPUR(ST),3017393,Smt Gitaben Vajesingbhai Rathva (17th Lok Sabha),7.36,6.9775,6.9775,5.8647,6.2,0,332,332,279
17th Lok Sabha,5,Lok Sabha,27,Gujarat,130,CHHOTA UDAIPUR(ST),3019003,Smt Gitaben Vajesingbhai Rathva,0,0,0,0,0,0,0,0,0
17th Lok Sabha,5,Lok Sabha,27,Gujarat,131,PANCHMAHAL,3019000,Ratansinh Magansinh Rathod,9.81,9.4314,8.9824,6.0285,7.63,0,492,475,299
17th Lok Sabha,5,Lok Sabha,27,Gujarat,132,BHARUCH,3018995,Mansukhbhai Dhanjibhai Vasava,7.36,6.2742,6.2742,5.1042,5.24,0,226,226,214
17th Lok Sabha,5,Lok Sabha,14,Haryana,133,SONEPAT,3019008,Ramesh Chander Kaushik,7.36,6.7443,6.5861,0.4245,4.97,0,134,129,4
17th Lok Sabha,5,Lok Sabha,14,Haryana,134,KURUKSHETRA,3019010,Nayab Singh,7.36,6.499,6.399,2.2146,5.3,0,123,121,43
17th Lok Sabha,5,Lok Sabha,14,Haryana,135,HISAR,3019009,Brijendra Singh,9.81,9.2067,8.9772,3.0459,7.36,0,334,327,158
17th Lok Sabha,5,Lok Sabha,14,Haryana,136,KARNAL,3019012,Sanjay Bhatia,11.77,11.1124,11.1124,6.0058,9.29,0,140,140,76
17th Lok Sabha,5,Lok Sabha,14,Haryana,137,SIRSA(SC),3019239,Sunita Duggal(17TH Lok Sabha),7.36,7.0107,6.9608,1.9142,5.09,0,198,197,65
17th Lok Sabha,5,Lok Sabha,14,Haryana,138,GURGAON,3018368,Rao Inderjit Singh,9.81,9.1511,9.1511,3.1811,6.53,0,122,122,49
17th Lok Sabha,5,Lok Sabha,14,Haryana,139,AMBALA (SC),3019011,Rattan Lal Kataria,0,0,0,0,0,0,0,0,0
17th Lok Sabha,5,Lok Sabha,14,Haryana,140,FARIDABAD,3019007,Krishan Pal Gurjar,11.77,11.6193,11.2425,3.2814,7.07,0,158,151,59
17th Lok Sabha,5,Lok Sabha,14,Haryana,141,BHIWANI MAHENDRAGARH,3017394,Shri  Dharambir Singh (17th Lok Sabha),4.91,4.4194,4.4194,3.7284,4.16,0,111,111,96
17th Lok Sabha,5,Lok Sabha,14,Haryana,142,ROHTAK,3019238,Arvind Kumar Sharma(17TH Lok Sabha),11.77,10.7149,10.2049,4.3049,7.79,0,180,170,73
17th Lok Sabha,5,Lok Sabha,15,Himachal Pradesh,143,HAMIRPUR_HP,3018369,Anurag Singh Thakur,9.55,9.5488,9.3788,3.3576,8.5,0,655,647,214
17th Lok Sabha,5,Lok Sabha,15,Himachal Pradesh,144,KANGRA,3019013,Kishan Kapoor,7.91,7.8446,7.8446,1.8088,6.05,0,345,345,110
17th Lok Sabha,5,Lok Sabha,15,Himachal Pradesh,145,SHIMLA (SC),3019014,Suresh Kumar Kashyap,6.77,6.6782,6.6782,1.5152,6.15,0,355,355,87
17th Lok Sabha,5,Lok Sabha,15,Himachal Pradesh,146,MANDI,3019015,Smt Pratibha Singh,7.36,6.9063,6.7863,0.8359,4.8,0,392,387,49
17th Lok Sabha,5,Lok Sabha,16,Jammu And Kashmir,147,ANANTNAG,3019018,Hasnain Masoodi,9.81,8.1976,8.1526,6.1894,7.04,0,356,354,240
17th Lok Sabha,5,Lok Sabha,16,Jammu And Kashmir,148,UDHAMPUR,3019016,Jitendra Singh,7.36,5.9494,5.6994,2.5146,3.5,0,151,150,106
17th Lok Sabha,5,Lok Sabha,16,Jammu And Kashmir,149,BARAMULLAH,3017395,Shri Mohammad Akbar Lone (17th Lok Sabha),0,0,0,0,0,0,0,0,0
17th Lok Sabha,5,Lok Sabha,16,Jammu And Kashmir,149,BARAMULLAH,3019019,Mohammad Akbar Lone,7.36,6.6068,6.4539,3.2889,5.09,0,214,207,137
17th Lok Sabha,5,Lok Sabha,16,Jammu And Kashmir,150,JAMMU,3017396,Shri Jugal Kishore Sharma (17th Lok Sabha),7.36,5.6289,5.2689,4.0444,4.37,0,112,109,87
17th Lok Sabha,5,Lok Sabha,16,Jammu And Kashmir,151,SRINAGAR,3019017,Farooq Abdullah,0,0,0,0,0,0,0,0,0
17th Lok Sabha,5,Lok Sabha,16,Jammu And Kashmir,151,SRINAGAR,3026799,Dummy Lok Sabha MP,0,0,0,0,0,0,0,0,0
17th Lok Sabha,5,Lok Sabha,17,Jharkhand,152,HAZARIBAGH,3017398,Shri Jayant Sinha (17th Lok Sabha),7.36,7.3474,5.5974,0.0524,4.01,0,122,101,2
17th Lok Sabha,5,Lok Sabha,17,Jharkhand,153,GODDA,3019020,Nishikant Dubey,0,0,0,0,0,0,0,0,0
17th Lok Sabha,5,Lok Sabha,17,Jharkhand,154,DHANBAD,3018371,Pashupati Nath Singh,7.36,7.3475,7.2957,0.085,7.23,0,262,260,2
17th Lok Sabha,5,Lok Sabha,17,Jharkhand,155,GIRIDIH,3017399,Shri Chandra Prakash Choudhary (17th Lok Sabha),9.81,9.6971,9.6571,1.4616,8.87,0,341,340,50
17th Lok Sabha,5,Lok Sabha,17,Jharkhand,156,SINGHBHUM(ST),3019025,Geeta Kora(17th Lok Sabha),9.81,9.7832,9.7064,0,7.62,0,161,160,0
17th Lok Sabha,5,Lok Sabha,17,Jharkhand,157,LOHARDAGA(ST),3019532,Sudarshan Bhagat (17th Lok Sabha),4.87,4.8742,4.8742,2.9649,4.73,0,51,51,28
17th Lok Sabha,5,Lok Sabha,17,Jharkhand,158,RANCHI,3018372,Sanjay Seth,4.9,4.9,4.8355,1.9793,4.43,0,79,78,33
17th Lok Sabha,5,Lok Sabha,17,Jharkhand,159,DUMKA(ST),3019026,Sunil Soren,9.77,9.77,9.645,4.96,9,0,360,356,183
17th Lok Sabha,5,Lok Sabha,17,Jharkhand,160,CHATRA,3018373,Sunil Kumar Singh,7.36,7.3495,6.8996,0.3935,0.8575,0,34,26,13
17th Lok Sabha,5,Lok Sabha,17,Jharkhand,161,JAMSHEDPUR,3019022,Bidyut Baran Mahato,7.36,7.1577,7.1577,0,6.24,0,127,127,0
17th Lok Sabha,5,Lok Sabha,17,Jharkhand,162,PALAMU(SC),3018374,Vishnu Dayal Ram,6.31,6.3145,6.0445,3.1845,5.57,0,196,186,96
17th Lok Sabha,5,Lok Sabha,17,Jharkhand,162,PALAMU(SC),3019024,Vishnu Dayal Ram,0,0,0,0,0,0,0,0,0
17th Lok Sabha,5,Lok Sabha,17,Jharkhand,163,RAJMAHAL(ST),3019023,Vijay Kumar Hansdak,12.23,12.234,11.9833,0.2213,10.85,0,590,582,18
17th Lok Sabha,5,Lok Sabha,17,Jharkhand,164,KHUNTI(ST),3017397,Shri Arjun Munda (17th Lok Sabha),7.36,6.9383,6.4815,2.3031,6.35,0,151,147,55
17th Lok Sabha,5,Lok Sabha,17,Jharkhand,165,KODARMA,3018370,Annpurna Devi,8.67,8.667,7.4015,4.6015,5.9,0,288,252,177
17th Lok Sabha,5,Lok Sabha,17,Jharkhand,165,KODARMA,3019021,Ms Annpurna Devi,0,0,0,0,0,0,0,0,0
17th Lok Sabha,5,Lok Sabha,18,Karnataka,166,BANGALORE RURAL,3019030,Doddaalahalli Kempegowda Suresh,9.81,9.72,9.72,0,9.69,0,81,81,0
17th Lok Sabha,5,Lok Sabha,18,Karnataka,167,BELLARY(ST),3019045,Y Devendrappa(17th Lok Sabha),9.81,9.45,9.45,0,8.12,0,12,12,0
17th Lok Sabha,5,Lok Sabha,18,Karnataka,168,RAICHUR(ST),3019038,Raja Amareshwara Naik(17th Lok Sabha),9.81,9.7999,9.4999,0.0499,8.89,0,204,198,1
17th Lok Sabha,5,Lok Sabha,18,Karnataka,169,BAGALKOT,3019034,Parvatagouda Chandanagouda Gaddigoudar(17th Lok Sabha),7.36,7.331,7.051,5.391,6.51,0,159,152,120
17th Lok Sabha,5,Lok Sabha,18,Karnataka,170,KOPPAL,3019041,Sanganna Amarappa Karadi(17th Lok Sabha),9.81,9.7827,9.2502,2.3277,7.77,0,301,282,72
17th Lok Sabha,5,Lok Sabha,18,Karnataka,171,CHIKBALLAPUR,3019043,Bache BN Gowda(17th Lok Sabha),7.36,7.348,7.348,0.513,6.55,0,159,159,8
17th Lok Sabha,5,Lok Sabha,18,Karnataka,172,GULBARGA(SC),3017405,Dr Umesh G Jadhav (17th Lok Sabha),14.22,14.1857,13.2081,3.5359,11.48,0,215,201,53
17th Lok Sabha,5,Lok Sabha,18,Karnataka,173,DAKSHINA KANNADA,3017401,Shri Nalin Kumar Kateel (17th Lok Sabha),7.36,7.3123,7.3123,6.2073,6.61,0,105,105,90
17th Lok Sabha,5,Lok Sabha,18,Karnataka,174,SHIMOGA,3017402,Shri B Y Raghavendra (17th Lok Sabha),9.81,9.2135,8.805,6.373,8.18,0,225,215,149
17th Lok Sabha,5,Lok Sabha,18,Karnataka,175,BELGAUM,3019046,Smt Mangal Suresh Angadi(17th Lok Sabha),9.81,9.7755,6.4705,1.0605,5.77,0,183,122,21
17th Lok Sabha,5,Lok Sabha,18,Karnataka,176,CHIKKODI,3019028,Annasaheb Shankar Jolle,9.81,9.7919,7.7469,0.7119,7.37,0,202,153,16
17th Lok Sabha,5,Lok Sabha,18,Karnataka,177,MYSORE,3019037,Prathap Simha(17th Lok Sabha),4.91,4.76,3.97,0,3.19,0,113,90,0
17th Lok Sabha,5,Lok Sabha,18,Karnataka,178,UDUPI CHIKMAGALUR,3017403,Km Shobha Karandlaje (17th Lok Sabha),9.81,9.5338,9.1813,6.3613,8.28,0,218,209,150
17th Lok Sabha,5,Lok Sabha,18,Karnataka,179,HASSAN,3019035,Prajwal Revanna(17th Lok Sabha),9.81,8.5962,8.1362,5.0637,7.16,0,260,246,149
17th Lok Sabha,5,Lok Sabha,18,Karnataka,180,HAVERI,3019042,Shivkumar Chanabasappa Udasi(17th Lok Sabha),9.81,9.3854,8.8054,6.1304,8.11,0,204,191,135
17th Lok Sabha,5,Lok Sabha,18,Karnataka,181,BANGALORE NORTH,3017400,Shri DV Sadananda Gowda (17th Lok Sabha),9.81,9.637,9.637,7.172,9.49,0,219,219,156
17th Lok Sabha,5,Lok Sabha,18,Karnataka,182,BANGALORE SOUTH,3017406,Shri LS Tejasvi Surya (17th Lok Sabha),11.77,10.5739,9.8739,4.4639,8.26,0,99,96,62
17th Lok Sabha,5,Lok Sabha,18,Karnataka,183,BANGALORE CENTRAL,3019529,P C Mohan (17thLok Sabha),8.51,8.5068,7.9068,4.0998,6.66,0,56,55,38
17th Lok Sabha,5,Lok Sabha,18,Karnataka,184,BIDAR,3019029,Bhagwanth Khuba,7.36,7.2563,5.5894,1.1004,4.24,0,254,205,70
17th Lok Sabha,5,Lok Sabha,18,Karnataka,185,KOLAR(SC),3019040,S Muniswamy(17th Lok Sabha),9.8,9.7998,9.1311,0.4995,8.56,0,211,197,7
17th Lok Sabha,5,Lok Sabha,18,Karnataka,186,DAVANAGERE,3019031,Gowdar Mallikarjunappa Siddeshwara,5.13,4.6756,4.6756,4.0206,4.52,0,72,72,62
17th Lok Sabha,5,Lok Sabha,18,Karnataka,187,DHARWAD,3019036,Pralhad Venkatesh Joshi(17th Lok Sabha),9.81,9.0102,8.5602,4.4802,5.71,0,155,149,94
17th Lok Sabha,5,Lok Sabha,18,Karnataka,188,MANDYA,3019047,Smt Sumalatha Ambareesh(17th Lok Sabha),7.36,7.3495,6.9995,0.6995,6.51,0,143,136,11
17th Lok Sabha,5,Lok Sabha,18,Karnataka,189,TUMKUR,3017404,Shri Gangasandra Siddappa Basavaraj (17th Lok Sabha),9.81,9.7991,9.2191,0.5291,8.08,0,217,203,13
17th Lok Sabha,5,Lok Sabha,18,Karnataka,190,CHAMARAJANAGAR(SC),3019044,V Srinivas Prasad(17th Lok Sabha),7.36,7.3,6.4,0,5.77,0,122,107,0
17th Lok Sabha,5,Lok Sabha,18,Karnataka,191,BIJAPUR(SC),3019039,Ramesh Chandappa Jigajinagi(17th Lok Sabha),11.77,11.196,8.2565,0,6.83,0,418,303,0
17th Lok Sabha,5,Lok Sabha,18,Karnataka,192,CHITRADURGA(SC),3019033,Narayana Swamy Abbaiah(17th Lok Sabha),9.81,6.8246,5.8346,0.5146,4.08,0,129,111,5
17th Lok Sabha,5,Lok Sabha,18,Karnataka,193,UTTARA KANNADA,3019027,Anantkumar Hegde,5.23,4.8981,4.8481,0.4481,4.12,0,104,103,9
17th Lok Sabha,5,Lok Sabha,36,Kerala,194,KANNUR,3017416,Shri Kumbakudi Sudhakaran (17th Lok Sabha),9.81,8.1819,7.0438,5.0736,5.39,0,162,137,93
17th Lok Sabha,5,Lok Sabha,36,Kerala,195,THIRUVANANTHAPURAM,3017408,Dr Shashi Tharoor (17th Lok Sabha),9.81,9.0351,9.0351,7.7781,8.19,0,169,169,145
17th Lok Sabha,5,Lok Sabha,36,Kerala,196,ATTINGAL,3017411,Adv Adoor Prakash (17th Lok Sabha),9.81,9.3933,9.3933,8.9027,9.07,0,300,300,289
17th Lok Sabha,5,Lok Sabha,36,Kerala,197,WAYANAD,3021488,Rahul Gandhi (17th Lok Sabha),9.81,9.0964,9.0964,6.5274,8.57,0,71,71,59
17th Lok Sabha,5,Lok Sabha,36,Kerala,198,PATHANAMTHITTA,3019048,Anto Antony(17th Lok Sabha),9.81,8.6577,8.6577,6.7865,7.23,0,167,167,148
17th Lok Sabha,5,Lok Sabha,36,Kerala,199,ERNAKULAM,3017417,Shri Hibi Eden (17th Lok Sabha),9.81,8.3053,7.5553,5.1152,6.58,0,41,38,33
17th Lok Sabha,5,Lok Sabha,36,Kerala,200,CHALAKUDY,3017413,Shri Benny Behanan (17th Lok Sabha),9.81,8.7229,8.0778,3.4773,5.23,0,72,67,44
17th Lok Sabha,5,Lok Sabha,36,Kerala,201,KASARAGOD,3017415,Shri Rajmohan Unnithan (17th Lok Sabha),11.49,11.4885,11.4585,10.7342,11.11,0,286,285,279
17th Lok Sabha,5,Lok Sabha,36,Kerala,202,KOTTAYAM,3017407,Shri Thomas Chazhikadan (17th Lok Sabha),9.29,9.2873,8.5913,6.7663,7.49,0,209,193,134
17th Lok Sabha,5,Lok Sabha,36,Kerala,203,MALAPPURAM,3018375,M P Abdussamad Samadani,9.77,8.5366,8.5366,6.2248,7.57,0,179,179,153
17th Lok Sabha,5,Lok Sabha,36,Kerala,204,PONNANI,3019302,E T Mohammed Basheer(17th Lok Sabha),9.97,8.9365,8.9365,4.975,6.68,0,121,121,98
17th Lok Sabha,5,Lok Sabha,36,Kerala,205,VADAKARA,3017414,Shri K Muraleedharan (17th Lok Sabha),9.81,8.854,8.6292,3.196,5.92,0,51,45,21
17th Lok Sabha,5,Lok Sabha,36,Kerala,206,KOZHIKODE,3017409,Shri M K Raghavan (17th Lok Sabha),9.81,7.665,7.6073,6.9433,7.03,0,223,221,206
17th Lok Sabha,5,Lok Sabha,36,Kerala,207,ALAPPUZHA,3018376,Abdul Majeed Ariff,9.81,8.0827,5.9176,2.2815,3.87,0,72,54,32
17th Lok Sabha,5,Lok Sabha,36,Kerala,208,MAVELIKKARA(SC),3017412,Shri Suresh Kodikunnil (17th Lok Sabha),8.23,7.9263,7.8913,4.6521,5.78,0,96,95,67
17th Lok Sabha,5,Lok Sabha,36,Kerala,209,KOLLAM,3017410,Shri NK Premachandran (17th Lok Sabha),4.99,4.6048,4.6048,2.6098,3.43,0,60,60,40
17th Lok Sabha,5,Lok Sabha,36,Kerala,210,THRISSUR,3019050,T N Prathapan(17th Lok Sabha),9.81,8.892,8.892,6.3307,7.42,0,93,93,84
17th Lok Sabha,5,Lok Sabha,36,Kerala,211,ALATHUR(SC),3017419,Smt Ramya Haridas (17th Lok Sabha),9.81,8.6126,8.6126,8.5448,8.54,0,419,419,416
17th Lok Sabha,5,Lok Sabha,36,Kerala,212,PALAKKAD,3018377,Vellalath Kochukrishnan Nair Sreekandan,9.81,8.6555,8.6555,4.7755,6.35,0,151,151,137
17th Lok Sabha,5,Lok Sabha,36,Kerala,213,IDUKKI,3017418,Adv Dean Kuriakose (17th Lok Sabha),9.81,8.7996,8.7996,6.992,8.08,0,154,154,144
17th Lok Sabha,5,Lok Sabha,130,Ladakh,214,LADAKH,3017420,Shri Jamyang Tsering Namgyal (17th Lok Sabha),11.04,9.196,3.6999,0,0.0729,0,170,112,0
17th Lok Sabha,5,Lok Sabha,19,Lakshadweep,215,LAKSHADWEEP(ST),3019436,Faizal PP Mohammed(17th Lok Sabha),19.98,19.9842,19.9842,7.444,19.31,0,45,45,24
17th Lok Sabha,5,Lok Sabha,20,Madhya Pradesh,216,BETUL(ST),3018381,Durga Das Uikey,6.33,6.0998,4.6639,2.3211,3.51,0,268,162,88
17th Lok Sabha,5,Lok Sabha,20,Madhya Pradesh,217,MORENA,3019060,Narendra Singh Tomar(17th Lok Sabha),10.52,10.5191,9.504,0.012,7.08,0,193,163,1
17th Lok Sabha,5,Lok Sabha,20,Madhya Pradesh,218,BHOPAL,3017424,Sadhvi Pragya Singh Thakur (17th Lok Sabha),7.56,7.5272,7.3932,4.7204,6.91,0,214,206,172
17th Lok Sabha,5,Lok Sabha,20,Madhya Pradesh,219,TIKAMGARH(SC),3019053,Virendra Kumar(17th Lok Sabha),8.22,7.9929,7.5262,1.6778,6.19,0,267,241,45
17th Lok Sabha,5,Lok Sabha,20,Madhya Pradesh,220,GUNA,3017177,Krishna Pal Singh Yadav,0,0,0,0,0,0,0,0,0
17th Lok Sabha,5,Lok Sabha,20,Madhya Pradesh,220,GUNA,3019052,Krishna Pal Singh Yadav(17th Lok Sabha),9.84,9.8366,9.8188,3.6243,9.77,0,22,21,9
17th Lok Sabha,5,Lok Sabha,20,Madhya Pradesh,221,SHAHDOL (ST),3019069,Smt Himadri Singh(17th Lok Sabha),7.7,7.3267,7.2767,6.3243,7.22,0,318,317,265
17th Lok Sabha,5,Lok Sabha,20,Madhya Pradesh,222,KHANDWA,3019058,Gyaneshwar Patil(17th Lok Sabha),6.98,6.9353,6.8453,5.7467,6.46,0,170,166,135
17th Lok Sabha,5,Lok Sabha,20,Madhya Pradesh,223,DHAR(ST),3019054,Chhatar Singh Darbar(17th Lok Sabha),7.56,7.3562,7.3562,7.3062,7.31,0,399,399,398
17th Lok Sabha,5,Lok Sabha,20,Madhya Pradesh,224,BHIND(SC),3019070,Smt Sandhya Ray(17th Lok Sabha),8.55,6.9095,6.7645,4.453,6.49,0,220,215,141
17th Lok Sabha,5,Lok Sabha,20,Madhya Pradesh,225,INDORE,3019065,Shankar Lalwani(17th Lok Sabha),7.36,7.1471,7.1471,7.1171,7.15,0,202,202,201
17th Lok Sabha,5,Lok Sabha,20,Madhya Pradesh,226,JABALPUR,3019063,Rakesh Singh(17th Lok Sabha),14.89,7.1542,6.7375,3.4854,5.41,0,362,291,133
17th Lok Sabha,5,Lok Sabha,20,Madhya Pradesh,227,VIDISHA,3019064,Ramakant Bhargava(17th Lok Sabha),10.4,10.1997,9.7052,2.4908,8.65,0,326,305,82
17th Lok Sabha,5,Lok Sabha,20,Madhya Pradesh,228,SAGAR,3019062,Rajbahadur Singh(17th Lok Sabha),10.52,10.1238,9.8642,7.8842,9.64,0,215,201,146
17th Lok Sabha,5,Lok Sabha,20,Madhya Pradesh,229,REWA,3019059,Janardan Mishra(17th Lok Sabha),7.36,7.35,7.35,0,7.03,0,121,121,0
17th Lok Sabha,5,Lok Sabha,20,Madhya Pradesh,230,RATLAM(ST),3018382,Guman Singh Damor,7.72,7.3345,6.9078,5.4118,6.46,0,102,90,61
17th Lok Sabha,5,Lok Sabha,20,Madhya Pradesh,231,CHHINDWARA,3018379,Nakul K Nath,7.36,7.3095,7.195,3.3482,6.14,0,726,714,362
17th Lok Sabha,5,Lok Sabha,20,Madhya Pradesh,232,MANDLA(ST),3019055,Faggan Singh Kulaste(17th Lok Sabha),7.17,7.1659,6.7121,1.4194,5.36,0,210,187,29
17th Lok Sabha,5,Lok Sabha,20,Madhya Pradesh,233,MANDSOUR,3017421,Shri Sudheer Gupta (17th Lok Sabha),10.12,10.1033,9.7187,6.8287,9.29,0,740,708,536
17th Lok Sabha,5,Lok Sabha,20,Madhya Pradesh,234,UJJAIN(SC),3017425,Shri Anil Firojiya (17th Lok Sabha),7.36,7.1982,7.1682,2.273,6.62,0,263,262,135
17th Lok Sabha,5,Lok Sabha,20,Madhya Pradesh,235,DAMOH,3019061,Prahlad Singh Patel(17th Lok Sabha),7.02,6.9492,6.8452,2.2525,5.94,0,225,220,81
17th Lok Sabha,5,Lok Sabha,20,Madhya Pradesh,236,DEWAS(SC),3019068,Mahendra Singh Solanky(17th Lok Sabha),8.24,7.6704,6.8155,2.6419,5.86,0,166,138,56
17th Lok Sabha,5,Lok Sabha,20,Madhya Pradesh,237,GWALIOR,3019067,Vivek Narayan Shejwalkar(17th Lok Sabha),8.07,8.0671,7.8966,0.7556,6.69,0,133,128,25
17th Lok Sabha,5,Lok Sabha,20,Madhya Pradesh,238,HOSHANGABAD,3019066,Uday Pratap Singh(17th Lok Sabha),7.77,5.9251,5.566,1.566,4.52,0,366,320,102
17th Lok Sabha,5,Lok Sabha,20,Madhya Pradesh,239,KHARGONE(ST),3017422,Shri Gajendra Umrao Singh Patel (17th Lok Sabha),0,0,0,0,0,0,0,0,0
17th Lok Sabha,5,Lok Sabha,20,Madhya Pradesh,239,KHARGONE(ST),3019056,Gajendra Singh Patel(17th Lok Sabha),10.48,10.0792,9.5845,0.9355,8.2,0,302,281,30
17th Lok Sabha,5,Lok Sabha,20,Madhya Pradesh,240,SIDHI,3017423,Smt Riti Pathak (17th Lok Sabha),0.223,0.223,0.223,0.0663,0.223,0,30,30,10
17th Lok Sabha,5,Lok Sabha,20,Madhya Pradesh,241,RAJGARH,3018380,Rodmal Nagar,7.46,7.379,7.379,1.0652,7.22,0,410,410,115
17th Lok Sabha,5,Lok Sabha,20,Madhya Pradesh,242,BALAGHAT,3018378,Dhal Singh Bisen,4.9,4.8992,4.8992,4.7559,4.89,0,305,305,301
17th Lok Sabha,5,Lok Sabha,20,Madhya Pradesh,243,KHAJURAHO,3018383,Vishnu Dutt Sharma,10.55,10.0116,9.8866,6.8571,8.81,0,137,135,97
17th Lok Sabha,5,Lok Sabha,20,Madhya Pradesh,244,SATNA,3019057,Ganesh Singh(17th Lok Sabha),7.36,7.3489,7.0321,0.7085,6.29,0,283,272,12
17th Lok Sabha,5,Lok Sabha,21,Maharashtra,245,RAVER,3019105,Smt Raksha Nikhil Khadse(17th Lok Sabha),9.33,9.0144,8.9438,7.7046,8.02,0,96,94,74
17th Lok Sabha,5,Lok Sabha,21,Maharashtra,246,JALGAON,3019102,Unmesh Bhaiyyasaheb Patil(17th Lok Sabha),9.7,9.5614,9.5314,5.9781,9.49,0,181,180,135
17th Lok Sabha,5,Lok Sabha,21,Maharashtra,247,RATNAGIRI-SINDHUDURG,3019103,Vinayak Bhaurao Raut(17th Lok Sabha),7.36,7.2035,6.9735,5.7522,6.58,0,109,107,88
17th Lok Sabha,5,Lok Sabha,21,Maharashtra,248,DHULE,3018385,Subhash Ramrao Bhamre,7.36,6.9961,5.5571,3.9825,5.01,0,98,79,60
17th Lok Sabha,5,Lok Sabha,21,Maharashtra,249,LATUR(SC),3019100,Sudhakar Tukaram Shrangre(17th Lok Sabha),7.36,7.0235,6.9535,6.1867,6.8,0,107,106,95
17th Lok Sabha,5,Lok Sabha,21,Maharashtra,250,NAGPUR,3019087,Nitin Jairam Gadkari(17th Lok Sabha),9.81,7.6869,7.6869,0,4.97,0,40,40,0
17th Lok Sabha,5,Lok Sabha,21,Maharashtra,251,RAMTEK(SC),3019086,Krupal Balaji Tumane(17th Lok Sabha),9.81,9.5756,9.0808,0,7.43,0,176,167,0
17th Lok Sabha,5,Lok Sabha,21,Maharashtra,252,BARAMATI,3019106,Smt Supriya Sadanand Sule(17th Lok Sabha),7.36,7.3233,4.5136,0.8509,4.26,0,112,70,12
17th Lok Sabha,5,Lok Sabha,21,Maharashtra,253,MAVAL,3019099,Shrirang Appa Barne(17th Lok Sabha),9.81,9.0803,7.7012,5.7321,7.43,0,110,92,67
17th Lok Sabha,5,Lok Sabha,21,Maharashtra,254,SHIRUR,3019076,Amol Ramsing Kolhe(17th Lok Sabha),9.81,8.6646,6.5348,4.3192,5.99,0,100,82,52
17th Lok Sabha,5,Lok Sabha,21,Maharashtra,255,PUNE,3035703,Girish Bhalchandra Bapat (Ex 17 Lok Sabha),4.94,2.8721,1.6825,0,1.51,0,35,22,0
17th Lok Sabha,5,Lok Sabha,21,Maharashtra,256,YAVATMAL-WASHIM,3019078,Ms Bhavana Gawali (Patil)(17th Lok Sabha),11.77,11.6135,10.5712,9.026,10.22,0,135,122,105
17th Lok Sabha,5,Lok Sabha,21,Maharashtra,257,WARDHA,3019093,Ramdas Chandrabhanji Tadas(17th Lok Sabha),7.36,7.2858,7.2858,0.4035,7.04,0,215,215,11
17th Lok Sabha,5,Lok Sabha,21,Maharashtra,258,AURANGABAD_MH,3019071,Syed Imtiaz Jaleel(17th Lok Sabha),7.36,7.0196,5.7197,1.028,5.55,0,89,65,13
17th Lok Sabha,5,Lok Sabha,21,Maharashtra,259,CHANDRAPUR,3059947,Shri Balubhau Narayanrao (Alias Suresh) Dhanorkar (17LS),2.45,1.5479,1.037,0,0.6698,0,16,11,0
17th Lok Sabha,5,Lok Sabha,21,Maharashtra,260,JALNA,3019094,Raosaheb Patil Danve,11.77,11.5936,10.1196,4.6337,9.76,0,119,103,43
17th Lok Sabha,5,Lok Sabha,21,Maharashtra,261,PARBHANI,3019095,Sanjay Haribhau Jadhav(17th Lok Sabha),9.81,9.6533,9.4145,7.3089,9.24,0,136,133,108
17th Lok Sabha,5,Lok Sabha,21,Maharashtra,262,AMRAVATI(SC),3019104,Smt Navneet Ravi Rana(17th Lok Sabha),7.36,7.3296,7.3139,0.0998,6.45,0,82,81,1
17th Lok Sabha,5,Lok Sabha,21,Maharashtra,263,BEED,3019074,Pritam Gopinath Munde(17th Lok Sabha),11.56,11.557,11.1284,1.5537,10.84,0,153,147,19
17th Lok Sabha,5,Lok Sabha,21,Maharashtra,264,RAIGAD,3019101,Sunil Dattatray Tatkare(17th Lok Sabha),9.81,9.7028,9.5228,6.8606,8.27,0,106,104,77
17th Lok Sabha,5,Lok Sabha,21,Maharashtra,265,MUMBAI SOUTH,3019079,Arvind Ganpat Sawant(17th Lok Sabha),9.81,8.3652,6.0952,4.8952,6.09,0,46,34,28
17th Lok Sabha,5,Lok Sabha,21,Maharashtra,266,AKOLA,3019097,Sanjay Shamrao Dhotre(17th Lok Sabha),7.36,7.0644,6.8794,6.1306,6.82,0,103,99,89
17th Lok Sabha,5,Lok Sabha,21,Maharashtra,267,MUMBAI NORTH,3017429,Shri Gopal Chinayya Shetty (17th Lok Sabha),7.36,7.007,6.707,0,6.7,0,34,32,0
17th Lok Sabha,5,Lok Sabha,21,Maharashtra,268,MUMBAI NORTH-CENTRAL,3017427,Smt Poonam Mahajan (17th Lok Sabha),7.36,7.1423,6.6779,0,6.62,0,48,45,0
17th Lok Sabha,5,Lok Sabha,21,Maharashtra,269,MUMBAI NORTH EAST,3017428,Shri Manoj Kotak Kishorbhai (17th Lok Sabha),9.81,9.726,9.166,0,8.94,0,38,36,0
17th Lok Sabha,5,Lok Sabha,21,Maharashtra,270,MUMBAI NORTH WEST,3017430,Shri Gajanan Chandrakant Kirtikar (17th Lok Sabha),7.36,5.6,4.1,0,1.75,0,18,14,0
17th Lok Sabha,5,Lok Sabha,21,Maharashtra,271,MUMBAI SOUTH CENTRAL,3019642,Rahul Ramesh Shewale (17th Lok Sabha),9.81,9.1842,4.1242,3.2442,4.12,0,29,17,13
17th Lok Sabha,5,Lok Sabha,21,Maharashtra,272,BULDHANA,3019090,Prataprao Jadhav(17th Lok Sabha),12.25,11.585,11.585,8.2968,9.13,0,175,175,125
17th Lok Sabha,5,Lok Sabha,21,Maharashtra,273,GADCHIROLI-CHIMUR(ST),3017431,Shri Ashok Mahadeorao Nete,0,0,0,0,0,0,0,0,0
17th Lok Sabha,5,Lok Sabha,21,Maharashtra,273,GADCHIROLI-CHIMUR(ST),3019080,Ashok Mahadeorao Nete,7.36,7.2554,6.8862,1.8392,6.41,0,91,87,22
17th Lok Sabha,5,Lok Sabha,21,Maharashtra,274,NANDED,3019089,Prataprao Govindrao Patil Chikhalikar(17th Lok Sabha),9.81,9.7589,8.0299,4.786,7.77,0,149,119,77
17th Lok Sabha,5,Lok Sabha,21,Maharashtra,275,AHMEDNAGAR,3019075,Sujay Radhakrishna Vikhepatil(17th Lok Sabha),7.36,6.5052,5.5759,1.6286,5.1,0,74,63,21
17th Lok Sabha,5,Lok Sabha,21,Maharashtra,276,SHIRDI(SC),3018388,Sadashiv Kisan Lokhande,7.36,7.2744,5.7703,0.6015,5.43,0,125,94,13
17th Lok Sabha,5,Lok Sabha,21,Maharashtra,277,DINDORI(ST),3019072,Bharti Pravin Pawar(17th Lok Sabha),9.81,9.3678,9.2936,6.9438,9.04,0,165,163,126
17th Lok Sabha,5,Lok Sabha,21,Maharashtra,278,NASHIK,3019084,Hemant Tukaram Godse(17th Lok Sabha),9.22,9.1847,8.5523,5.3295,7.53,0,119,107,70
17th Lok Sabha,5,Lok Sabha,21,Maharashtra,279,OSMANABAD,3019088,Omprakash Bhupalsinh Alias Pawan Rajenimbalkar(17th Lok Sabha),14.06,13.9911,13.3966,12.3647,13.15,0,255,240,221
17th Lok Sabha,5,Lok Sabha,21,Maharashtra,280,MADHA,3018387,Ranjeetsinha Hindurao Naik Nimbalkar,8.01,7.9709,7.1384,2.3231,6.22,0,480,468,107
17th Lok Sabha,5,Lok Sabha,21,Maharashtra,281,SATARA,3019303,Shriniwas Dadasaheb Patil(17th Lok Sabha),11.77,11.6632,11.6632,6.1894,9.9,0,235,235,126
17th Lok Sabha,5,Lok Sabha,21,Maharashtra,282,BHANDARA-GONDIYA,3017426,Shri Sunil Baburao Mendhe (17th Lok Sabha),12.02,11.3054,9.3958,6.9058,7.94,0,213,139,128
17th Lok Sabha,5,Lok Sabha,21,Maharashtra,283,HINGOLI,3018386,Hemant Shriram Patil,9.81,9.6351,8.2501,7.277,7.97,0,113,97,86
17th Lok Sabha,5,Lok Sabha,21,Maharashtra,284,KOLHAPUR,3019096,Sanjay Sadashivrao Mandlik(17th Lok Sabha),9.81,9.7332,8.4787,7.7587,8.46,0,105,93,83
17th Lok Sabha,5,Lok Sabha,21,Maharashtra,285,HATKANANGLE,3019082,Dhairyasheel Sambhajirao Mane(17th Lok Sabha),10.73,10.6252,10.2253,8.7262,9.76,0,160,156,98
17th Lok Sabha,5,Lok Sabha,21,Maharashtra,286,SOLAPUR(SC),3018384,Jaisidheshwar Shivachary Mahaswamiji,11.77,11.4398,10.3852,7.3839,10.34,0,301,265,194
17th Lok Sabha,5,Lok Sabha,21,Maharashtra,287,NANDURBAR(ST),3019073,Heena Vijaykumar Gavit(17th Lok Sabha),9.72,9.7137,8.0637,5.3664,6.1,0,55,49,35
17th Lok Sabha,5,Lok Sabha,21,Maharashtra,288,SANGLI,3019098,Sanjay(Kaka) Ramchandra Patil(17th Lok Sabha),12.06,11.3327,11.3327,9.0957,10.34,0,161,161,130
17th Lok Sabha,5,Lok Sabha,21,Maharashtra,289,BHIWANDI,3019085,Kapil Moreshwar Patil(17th Lok Sabha),7.36,7.1106,6.6106,0.1959,6.12,0,58,57,2
17th Lok Sabha,5,Lok Sabha,21,Maharashtra,290,KALYAN,3019077,Shrikant Eknath Shinde(17th Lok Sabha),7.36,7.1275,6.9277,0,3.48,0,34,31,0
17th Lok Sabha,5,Lok Sabha,21,Maharashtra,291,THANE,3019091,Rajan Baburao Vichare(17th Lok Sabha),9.81,9.7265,9.7265,0,4.5,0,41,41,0
17th Lok Sabha,5,Lok Sabha,21,Maharashtra,292,PALGHAR(ST),3019092,Rajendra Dhedya Gavit(17th Lok Sabha),10.49,9.632,8.3723,5.6458,8.17,0,90,77,50
17th Lok Sabha,5,Lok Sabha,22,Manipur,293,OUTER MANIPUR(ST),3017432,Shri Lorho S Pfoze (17th Lok Sabha),7.41,7.398,7.398,7.273,7.36,0,75,75,72
17th Lok Sabha,5,Lok Sabha,22,Manipur,294,INNER MANIPUR,3019107,Ranjan Singh Rajkumar(17th Lok Sabha),9.81,9.8,9.8,0.25,9.77,0,37,37,1
17th Lok Sabha,5,Lok Sabha,23,Meghalaya,295,TURA,3019108,Kum Agatha K Sangma(17th Lok Sabha),9.81,8.89,8.89,8.17,8.88,0,338,338,314
17th Lok Sabha,5,Lok Sabha,23,Meghalaya,296,SHILLONG,3019109,Vincent H Pala(17th Lok Sabha),8.07,7.3585,6.8255,3.5905,5.84,0,211,189,116
17th Lok Sabha,5,Lok Sabha,13,Mizoram,297,MIZORAM (ST),3019110,C Lalrosanga(17th Lok Sabha),7.36,7.35,7.35,1.62,7.29,0,71,71,16
17th Lok Sabha,5,Lok Sabha,24,Nagaland,298,NAGALAND,3017433,Shri  Tokheho (17th Lok Sabha),4.91,4.9,4.9,4.9,4.9,0,15,15,15
17th Lok Sabha,5,Lok Sabha,25,Odisha,299,CUTTACK,3017437,Shri Bhartruhari Mahtab (17th Lok Sabha),7.36,6.8334,6.7434,3.1925,4.02,0,264,261,118
17th Lok Sabha,5,Lok Sabha,25,Odisha,300,JAGATSINGHPUR(SC),3017434,Smt Rajashree Mallick (17th Lok Sabha),9.81,9.5074,7.8774,2.3674,5.02,0,327,277,122
17th Lok Sabha,5,Lok Sabha,25,Odisha,301,ASKA,3017436,Smt Pramila Bisoyi (17th Lok Sabha),7.36,7.0806,7.0806,2.1616,2.42,0,238,238,68
17th Lok Sabha,5,Lok Sabha,25,Odisha,302,BERHAMPUR,3017439,Shri Chandra Sekhar Sahu (17th Lok Sabha),7.36,7.2798,7.2798,2.1413,3.12,0,225,225,72
17th Lok Sabha,5,Lok Sabha,25,Odisha,303,BOLANGIR,3017438,Smt Sangeeta Kumari Singh Deo (17th Lok Sabha),11.77,11.7571,11.7571,3.0321,8.17,0,528,528,141
17th Lok Sabha,5,Lok Sabha,25,Odisha,304,BALASORE,3018389,Pratap Chandra Sarangi,9.8,9.8,7.4365,1.4498,6.08,0,501,427,97
17th Lok Sabha,5,Lok Sabha,25,Odisha,305,NABARANGPUR(ST),3019117,Ramesh Chandra Majhi(17th Lok Sabha),7.31,7.18,7.16,2.87,3.88,0,284,283,112
17th Lok Sabha,5,Lok Sabha,25,Odisha,306,KEONJHAR(ST),3019111,Ms Chandrani Murmu(17th Lok Sabha),9.81,9.7912,9.7912,5.1187,8.2,0,246,246,120
17th Lok Sabha,5,Lok Sabha,25,Odisha,307,KALAHANDI,3019114,Basanta Kumar Panda(17th Lok Sabha),9.81,9.5845,9.5045,6.0045,7,0,341,339,215
17th Lok Sabha,5,Lok Sabha,25,Odisha,308,PURI,3019116,Pinaki Misra(17th Lok Sabha),9.81,9.6016,9.5366,3.4636,5.69,0,307,305,133
17th Lok Sabha,5,Lok Sabha,25,Odisha,309,SAMBALPUR,3019115,Nitesh Ganga Deb(17th Lok Sabha),14.71,14.6983,14.6983,11.3433,11.81,0,223,223,169
17th Lok Sabha,5,Lok Sabha,25,Odisha,310,JAJPUR(SC),3019121,Smt Sarmistha Sethi(17th Lok Sabha),7.35,7.3499,7.2499,0.535,4.52,0,206,205,9
17th Lok Sabha,5,Lok Sabha,25,Odisha,311,SUNDARGARH (ST),3017435,Shri Jual Oram (17th Lok Sabha),7.25,7.253,7.253,1.07,6.25,0,141,141,22
17th Lok Sabha,5,Lok Sabha,25,Odisha,312,BHADRAK(SC),3019120,Smt Manjulata Mandal(17th Lok Sabha),5,4.8958,4.8808,2.3658,3.72,0,168,167,76
17th Lok Sabha,5,Lok Sabha,25,Odisha,313,KENDRAPARA,3019113,Anubhav Mohanty(17th Lok Sabha),9.81,9.5331,9.5331,8.0081,9.39,0,158,158,117
17th Lok Sabha,5,Lok Sabha,25,Odisha,314,MAYURBHANJ (ST),3019119,Bishweswar Tudu(17th Lok Sabha),7.3,7.2995,6.754,1.0295,5.19,0,203,183,25
17th Lok Sabha,5,Lok Sabha,25,Odisha,315,BARGARH,3019118,Suresh Pujari(17th Lok Sabha),7.36,7.3412,7.3412,4.2762,5.91,0,262,262,156
17th Lok Sabha,5,Lok Sabha,25,Odisha,316,KANDHAMAL,3019112,Achyutananda Samanta(17th Lok Sabha),2.99,2.8852,2.8352,0.2752,0.6452,0,92,91,8
17th Lok Sabha,5,Lok Sabha,25,Odisha,317,BHUBANESWAR,3017373,Smt Aparajita  Sarangi,7.32,7.32,6.165,0.745,3.51,0,539,483,55
17th Lok Sabha,5,Lok Sabha,25,Odisha,318,DHENKANAL,3017440,Shri Mahesh Sahoo (17th Lok Sabha),6.56,6.341,6.311,0.29,3.42,0,165,164,7
17th Lok Sabha,5,Lok Sabha,25,Odisha,319,KORAPUT(ST),3018390,Saptagiri Sankar Ulaka,7.36,7.3417,7.1117,4.0017,5.66,0,226,224,142
17th Lok Sabha,5,Lok Sabha,26,Puducherry,547,Puducherry,3019122,Vaithilingam Ve(17th Lok Sabha),7.89,7.8857,7.1182,2.1991,6.26,0,65,58,20
17th Lok Sabha,5,Lok Sabha,1,Punjab,321,BHATINDA,3019127,Smt Harsimrat Kaur Badal(17th Lok Sabha),8.71,8.6367,8.6367,8.1177,8.48,0,226,226,212
17th Lok Sabha,5,Lok Sabha,1,Punjab,322,GURDASPUR,3017441,Shri Sunny Deol (17th Lok Sabha),9.81,9.0512,9.0512,6.4503,7.63,0,182,182,159
17th Lok Sabha,5,Lok Sabha,1,Punjab,323,AMRITSAR,3017446,Shri Gurjeet Singh Aujla (17th Lok Sabha),5.07,4.8308,4.8308,3.9858,4.82,0,131,131,107
17th Lok Sabha,5,Lok Sabha,1,Punjab,324,HOSHIARPUR(SC),3017443,Shri Som Prakash (17th Lok Sabha),9.81,9.1968,9.0518,6.4609,8.18,0,458,447,342
17th Lok Sabha,5,Lok Sabha,1,Punjab,325,FIROZPUR,3019125,Sukhbir Singh Badal(17th Lok Sabha),7.51,7.0614,7.0614,7.0614,7.06,0,246,246,246
17th Lok Sabha,5,Lok Sabha,1,Punjab,326,FATEHGARH SAHIB(SC),3017445,Shri Amar Singh (17th Lok Sabha),7.36,7.0216,7.0216,5.9066,6.56,0,344,344,299
17th Lok Sabha,5,Lok Sabha,1,Punjab,327,SANGRUR,3017447,Sardar Simranjit Singh Mann (17th Lok Sabha),7.41,7.1971,7.1971,7.1451,7.17,0,513,513,508
17th Lok Sabha,5,Lok Sabha,1,Punjab,328,PATIALA,3017444,Smt Preneet Kaur (17th Lok Sabha),9.87,9.4792,9.4792,6.4354,8.61,0,220,220,151
17th Lok Sabha,5,Lok Sabha,1,Punjab,329,ANANDPUR SAHIB,3019123,Manish Tewari(17th Lok Sabha),7.36,6.9666,6.9666,5.3076,6.26,0,253,253,196
17th Lok Sabha,5,Lok Sabha,1,Punjab,330,FARIDKOT(SC),3019126,Mohammad Sadique(17th Lok Sabha),7.06,7.0617,7.0617,7.0617,7.06,0,222,222,222
17th Lok Sabha,5,Lok Sabha,1,Punjab,331,JALANDHAR(SC),3023122,Sushil Kumar Rinku (17th Lok Sabha),4.91,4.6376,4.6376,3.5931,4.35,0,109,109,87
17th Lok Sabha,5,Lok Sabha,1,Punjab,332,LUDHIANA,3019124,Ravneet Singh(17th Lok Sabha),9.81,9.1054,9.1054,8.7994,8.94,0,319,319,313
17th Lok Sabha,5,Lok Sabha,1,Punjab,333,KHADOOR SAHIB,3017442,Shri Jasbir Singh (17th Lok Sabha),7.84,6.8691,6.8691,4.9804,5.67,0,149,149,113
17th Lok Sabha,5,Lok Sabha,28,Rajasthan,334,AJMER,3019130,Bhagirath Chaudhary(17th Lok Sabha),9.81,8.5098,8.4698,3.648,5.12,0,200,199,103
17th Lok Sabha,5,Lok Sabha,28,Rajasthan,335,BARMER,3019144,Kailash Choudhary(17th Lok Sabha),7.36,6.4572,6.4572,3.6137,5.69,0,74,74,42
17th Lok Sabha,5,Lok Sabha,28,Rajasthan,336,JHALAWAR-BARAN,3019133,Dushyant Singh(17th Lok Sabha),13.4,11.8135,11.7974,9.7422,10.71,0,312,311,252
17th Lok Sabha,5,Lok Sabha,28,Rajasthan,337,KOTA,3019138,Om Birla(17th Lok Sabha),17.86,15.9766,15.8616,6.8516,12.55,0,318,312,159
17th Lok Sabha,5,Lok Sabha,28,Rajasthan,338,NAGAUR,3017451,Shri Hanuman Beniwal (17th Lok Sabha),9.8,9.3132,9.2882,7.67,8.87,0,181,180,153
17th Lok Sabha,5,Lok Sabha,28,Rajasthan,339,UDAIPUR(ST),3019129,Arjunlal Meena(17th Lok Sabha),9.81,8.4848,8.4848,2.5123,8.02,0,119,119,51
17th Lok Sabha,5,Lok Sabha,28,Rajasthan,340,DAUSA(ST),3017452,Smt Jaskaur Meena (17th Lok Sabha),9.81,8.6139,8.5589,5.7878,7.1,0,205,204,143
17th Lok Sabha,5,Lok Sabha,28,Rajasthan,341,CHITTORGARH,3019131,Chandra Prakash Joshi(17th Lok Sabha),9.81,5.2376,5.2376,3.6076,4.68,0,222,222,176
17th Lok Sabha,5,Lok Sabha,28,Rajasthan,342,CHURU,3019139,Rahul Kaswan(17th Lok Sabha),11.25,9.8743,9.8743,3.618,8.82,0,162,162,65
17th Lok Sabha,5,Lok Sabha,28,Rajasthan,343,TONK-SAWAI MADHOPUR,3019142,Sukhbir Singh Jaunapuria(17th Lok Sabha),9.81,7.2659,6.9259,2.1444,4.52,0,156,148,48
17th Lok Sabha,5,Lok Sabha,28,Rajasthan,344,BIKANER(SC),3017449,Shri Arjun Ram Meghwal (17th Lok Sabha),0,0,0,0,0,0,0,0,0
17th Lok Sabha,5,Lok Sabha,28,Rajasthan,344,BIKANER(SC),3059984,Shri Arjun Ram Meghwal (17LS)EX,7.35,2.3423,2.3384,0.4813,0.6639,0,47,46,11
17th Lok Sabha,5,Lok Sabha,28,Rajasthan,345,JALORE,3019132,Devji Mansingram Patel(17th Lok Sabha),7.36,5.5958,5.5958,2.7619,4.8,0,96,96,48
17th Lok Sabha,5,Lok Sabha,28,Rajasthan,346,SIKAR,3019143,Sumedhanand Saraswati(17th Lok Sabha),5.49,5.487,5.487,4.7065,5.26,0,75,75,61
17th Lok Sabha,5,Lok Sabha,28,Rajasthan,347,JODHPUR,3019134,Gajendra Singh Shekhawat(17th Lok Sabha),14.71,13.1452,13.1452,7.5602,11.15,0,223,223,137
17th Lok Sabha,5,Lok Sabha,28,Rajasthan,348,BHARATPUR(SC),3019145,Smt Ranjeeta Koli(17th Lok Sabha),9.81,9.5766,9.5466,2.3102,7.34,0,210,209,64
17th Lok Sabha,5,Lok Sabha,28,Rajasthan,349,RAJSAMAND,3017448,Smt Kumari Diya (17th Lok Sabha),9.8,5.2711,5.2711,2.4912,4.47,0,80,80,36
17th Lok Sabha,5,Lok Sabha,28,Rajasthan,350,KARAULI-DHOLPUR(SC),3019128,Manoj Rajoria(17th Lok Sabha),14.22,13.924,13.924,6.3682,10.84,0,404,404,179
17th Lok Sabha,5,Lok Sabha,28,Rajasthan,351,ALWAR,3018391,Mahant Balak Nath Yogi,4.9,3.8274,3.8274,3.1232,3.72,0,75,75,62
17th Lok Sabha,5,Lok Sabha,28,Rajasthan,352,BANSWARA(ST),3019135,Kanakmal Katara(17th Lok Sabha),7.36,7.2433,7.1933,4.6998,6.66,0,133,131,86
17th Lok Sabha,5,Lok Sabha,28,Rajasthan,353,BHILWARA,3017450,Shri Subhash Chandra Baheria (17th Lok Sabha),11.77,9.7432,9.7132,3.3223,7.2,0,243,242,86
17th Lok Sabha,5,Lok Sabha,28,Rajasthan,354,JHUNJHUNU,3019136,Narendra Kumar(17th Lok Sabha),7.36,5.1907,5.1907,3.2326,4.03,0,105,105,44
17th Lok Sabha,5,Lok Sabha,28,Rajasthan,355,GANGANAGAR(SC),3017453,Shri Nihal Chand Chauhan (17th Lok Sabha),0,0,0,0,0,0,0,0,0
17th Lok Sabha,5,Lok Sabha,28,Rajasthan,355,GANGANAGAR(SC),3019137,Nihal Chand Chauhan(17th Lok Sabha),10.21,8.166,8.166,5.9672,7.77,0,105,105,73
17th Lok Sabha,5,Lok Sabha,28,Rajasthan,356,JAIPUR RURAL,3019140,Rajyavardhan Singh Rathore(17th Lok Sabha),11.76,9.4573,9.4573,5.8358,7.83,0,144,144,91
17th Lok Sabha,5,Lok Sabha,28,Rajasthan,357,JAIPUR,3019141,Ramcharan Bohra(17th Lok Sabha),9.81,7.7981,7.7981,0.8001,3.5,0,70,70,8
17th Lok Sabha,5,Lok Sabha,28,Rajasthan,358,PALI,3017454,Shri PP Chaudhary (17th Lok Sabha),10,9.2795,9.2792,6.5651,8.2,0,183,180,124
17th Lok Sabha,5,Lok Sabha,29,Sikkim,359,SIKKIM,3017174,Indra Hang Subba,9.31,9.2982,9.2182,5.8482,9.18,0,55,54,32
17th Lok Sabha,5,Lok Sabha,30,Tamil Nadu,360,TIRUNELVELI,3019161,S Gnanathiraviam(17th Lok Sabha),9.76,9.7294,9.2867,2.5847,8.89,0,100,95,31
17th Lok Sabha,5,Lok Sabha,30,Tamil Nadu,361,KANCHEEPURAM(SC),3019154,Ganesan Selvam(17th Lok Sabha),7.04,6.9737,6.1537,2.653,6.01,0,218,209,79
17th Lok Sabha,5,Lok Sabha,30,Tamil Nadu,362,SRIPERUMBUDUR,3019166,Thalikkottai Rajuthevar Baalu(17th Lok Sabha),9.23,9.2246,8.018,3.218,7.81,0,99,89,24
17th Lok Sabha,5,Lok Sabha,30,Tamil Nadu,363,MADURAI,3019162,S Venkatesan(17th Lok Sabha),11.77,11.4334,11.3934,10.0804,11.29,0,167,166,149
17th Lok Sabha,5,Lok Sabha,30,Tamil Nadu,364,ARAKKONAM,3017175,S. Jagathrakshakan,9.43,9.4311,8.2641,1.737,6.99,0,88,71,16
17th Lok Sabha,5,Lok Sabha,30,Tamil Nadu,365,VELLORE,3019994,D M Kathir Anand (17th Lok Sabha),6.99,6.9693,6.8593,1.7293,6.13,0,58,57,16
17th Lok Sabha,5,Lok Sabha,30,Tamil Nadu,366,TIRUPPUR,3019156,K Subbarayan(17th Lok Sabha),9.81,9.4066,8.8342,8.3713,8.77,0,85,72,63
17th Lok Sabha,5,Lok Sabha,30,Tamil Nadu,367,CHIDAMBARAM(SC),3019167,Thirumaa Valavan Thol(17th Lok Sabha),7.36,7.2813,7.2263,3.7835,7.02,0,85,84,47
17th Lok Sabha,5,Lok Sabha,30,Tamil Nadu,368,TENKASI(SC),3019152,Dhanush M Kumar(17th Lok Sabha),11.27,11.2376,11.1126,9.0853,11.09,0,214,211,175
17th Lok Sabha,5,Lok Sabha,30,Tamil Nadu,369,SALEM,3019163,SR Parthiban(17th Lok Sabha),7.36,6.9848,6.7348,4.3678,6.57,0,62,61,21
17th Lok Sabha,5,Lok Sabha,30,Tamil Nadu,370,NAMAKKAL,3019150,AKP Chinraj(17th Lok Sabha),9.09,9.0868,8.8352,8.4119,8.84,0,98,93,87
17th Lok Sabha,5,Lok Sabha,30,Tamil Nadu,371,CUDDALORE,3019165,TRVS Ramesh(17th Lok Sabha),7.36,7.1558,7.0358,6.0998,6.43,0,124,123,107
17th Lok Sabha,5,Lok Sabha,30,Tamil Nadu,372,TIRUCHIRAPPALLI,3019164,Su Thirunavukkarasar(17th Lok Sabha),7.36,7.0055,7.0055,6.732,6.83,0,154,154,148
17th Lok Sabha,5,Lok Sabha,30,Tamil Nadu,373,VILUPPURAM(SC),3018394,D Ravikumar,7.36,7.2418,7.2418,7.2418,7.24,0,192,192,192
17th Lok Sabha,5,Lok Sabha,30,Tamil Nadu,374,KALLAKURICHI,3017456,Shri Gautham Sigamani Pon (17th Lok Sabha),9.81,9.7404,9.0334,6.9646,8.74,0,102,99,78
17th Lok Sabha,5,Lok Sabha,30,Tamil Nadu,375,KRISHNAGIRI,3018392,A Chellakumar,9.81,9.6225,8.9661,2.1315,8.53,0,115,108,23
17th Lok Sabha,5,Lok Sabha,30,Tamil Nadu,376,VIRUDHUNAGAR,3019158,Manickam Tagore B(17th Lok Sabha),9.81,9.7747,9.6947,3.2097,8.55,0,125,124,40
17th Lok Sabha,5,Lok Sabha,30,Tamil Nadu,377,THENI,3019159,P Raveendranath Kumar(17th Lok Sabha),9.81,9.749,8.5755,0.422,8.37,0,88,78,3
17th Lok Sabha,5,Lok Sabha,30,Tamil Nadu,378,CHENNAI CENTRAL,3017455,Thiru Dayanidhi Maran (17th Lok Sabha),9.81,9.6488,9.0488,1.7988,8.98,0,10,9,4
17th Lok Sabha,5,Lok Sabha,30,Tamil Nadu,379,CHENNAI NORTH,3019643,Kalanidhi Veeraswamy (17th Lok Sabha),11.77,11.6733,11.6733,3.1349,11.56,0,32,32,13
17th Lok Sabha,5,Lok Sabha,30,Tamil Nadu,380,CHENNAI SOUTH,3018396,T Sumathy (A) Thamizhachi Thangapandian,14.71,14.6169,14.4169,1.4161,11.89,0,42,39,14
17th Lok Sabha,5,Lok Sabha,30,Tamil Nadu,381,MAYILADUTHURAI,3018393,S Ramalingam,11.74,11.7402,10.7229,3.6494,10.26,0,126,115,58
17th Lok Sabha,5,Lok Sabha,30,Tamil Nadu,382,THANJAVUR,3021882,S.S. Palanimanickam (17th Lok Sabha),9.81,9.7312,9.7312,7.3921,9.48,0,37,37,30
17th Lok Sabha,5,Lok Sabha,30,Tamil Nadu,383,ARANI,3019148,MK Vishnu Prasad(17th Lok Sabha),4.9,4.893,4.893,4.33,4.76,0,103,103,94
17th Lok Sabha,5,Lok Sabha,30,Tamil Nadu,384,TIRUVANNAMALAI,3019242,CN Annadurai(17TH Lok Sabha),4.82,4.7959,4.7959,3.0524,4.64,0,127,127,105
17th Lok Sabha,5,Lok Sabha,30,Tamil Nadu,385,KARUR,3019169,Smt S Jothimani(17th Lok Sabha),7.36,7.2086,7.2041,4.1763,7.09,0,178,169,104
17th Lok Sabha,5,Lok Sabha,30,Tamil Nadu,386,DINDIGUL,3019160,P Velusamy(17th Lok Sabha),9.81,9.7716,9.392,1.8253,9.22,0,129,125,18
17th Lok Sabha,5,Lok Sabha,30,Tamil Nadu,387,KANNIYAKUMARI,3017458,vijayakumar Vasanth,9.81,9.8,8.9412,0,8.81,0,82,73,0
17th Lok Sabha,5,Lok Sabha,30,Tamil Nadu,388,ERODE,3019149,A Ganeshamurthi(17th Lok Sabha),9.81,9.6396,9.4646,8.3122,9.43,0,104,102,89
17th Lok Sabha,5,Lok Sabha,30,Tamil Nadu,389,DHARAMAPURI,3019153,Dnv Senthilkumar S(17th Lok Sabha),9.68,9.5237,9.3237,5.4542,9.23,0,127,124,66
17th Lok Sabha,5,Lok Sabha,30,Tamil Nadu,390,COIMBATORE,3019243,PR Natarajan(17TH Lok Sabha),9.77,9.7693,9.728,1.8613,9.49,0,62,57,15
17th Lok Sabha,5,Lok Sabha,30,Tamil Nadu,391,POLLACHI,3019155,K Shanmuga Sundaram(17th Lok Sabha),9.79,9.774,9.6586,1.9625,9.35,0,143,141,26
17th Lok Sabha,5,Lok Sabha,30,Tamil Nadu,392,TIRUVALLUR(SC),3019146,K Jayakumar(17th Lok Sabha),11.77,11.7504,11.5084,10.9314,11.45,0,171,166,161
17th Lok Sabha,5,Lok Sabha,30,Tamil Nadu,393,THOOTHUKKUDI,3018395,Kanimozhi Karunanidhi,9.81,9.7977,9.4977,0.3577,9.21,0,65,62,4
17th Lok Sabha,5,Lok Sabha,30,Tamil Nadu,394,SIVAGANGA,3017457,Shri Karti P Chidambaram (17th Lok Sabha),8.6,8.5259,8.5259,5.7894,8.34,0,165,165,110
17th Lok Sabha,5,Lok Sabha,30,Tamil Nadu,395,RAMANATHAPURAM,3019157,Kani K Navas(17th Lok Sabha),11.77,11.7167,11.6737,4.1818,11.54,0,185,184,72
17th Lok Sabha,5,Lok Sabha,30,Tamil Nadu,396,NILGIRIS(SC),3019151,Andimuthu Raja(17th Lok Sabha),9.81,9.7252,8.8452,5.4468,8.65,0,127,115,76
17th Lok Sabha,5,Lok Sabha,30,Tamil Nadu,397,NAGAPATTINAM(SC),3019168,M Selvaraj(17th Lok Sabha),7.36,7.3298,7.2623,4.0818,7.26,0,78,76,33
17th Lok Sabha,5,Lok Sabha,30,Tamil Nadu,398,PERAMBALUR,3019147,T R Paarivendhar(17th Lok Sabha),9.81,9.5173,8.1601,5.6394,7.76,0,51,43,30
17th Lok Sabha,5,Lok Sabha,129,Telangana,399,ADILABAD(ST),3018399,Soyam Babu Rao,13.03,12.4753,11.2635,0.1099,10.2,0,378,320,2
17th Lok Sabha,5,Lok Sabha,129,Telangana,400,HYDERABAD,3019173,Asaduddin Owaisi(17th Lok Sabha),15.51,14.8636,13.6642,6.647,10.29,0,69,57,29
17th Lok Sabha,5,Lok Sabha,129,Telangana,401,SECUNDERABAD,3019176,Kishan Reddy Gangapuram(17th Lok Sabha),12.78,10.973,10.2594,3.6252,6.56,0,91,80,29
17th Lok Sabha,5,Lok Sabha,129,Telangana,402,KARIMNAGAR,3019181,Sanjay Kumar Bandi(17th Lok Sabha),15.46,15.388,13.265,0.6769,8.41,0,534,456,31
17th Lok Sabha,5,Lok Sabha,129,Telangana,403,KHAMMAM,3019179,Nama Nageswara Rao(17th Lok Sabha),12.39,11.4021,10.8051,5.2691,8.48,0,256,242,131
17th Lok Sabha,5,Lok Sabha,129,Telangana,404,MAHABUBNAGAR,3017459,Shri Manne Srinivas Reddy (17th Lok Sabha),2.06,1.751,1.0392,0.1742,0.6916,0,41,24,5
17th Lok Sabha,5,Lok Sabha,129,Telangana,404,MAHABUBNAGAR,3019178,Manne Srinivas Reddy(17th Lok Sabha),12.26,12.2015,11.3915,0.5671,8.75,0,267,246,15
17th Lok Sabha,5,Lok Sabha,129,Telangana,405,MEDAK,3019177,Kotha Prabhakar Reddy(Ex 17th Lok Sabha),9.9,9.1916,5.1362,1.8788,4.99,0,187,106,42
17th Lok Sabha,5,Lok Sabha,129,Telangana,406,NIZAMABAD,3019172,Arvind Dharmapuri(17th Lok Sabha),0,0,0,0,0,0,0,0,0
17th Lok Sabha,5,Lok Sabha,129,Telangana,407,CHELVELLA,3019170,Gaddam Ranjith Reddy(17th Lok Sabha),10.72,10.6863,10.3932,6.299,8.53,0,208,201,134
17th Lok Sabha,5,Lok Sabha,129,Telangana,408,WARANGEL(SC),3019175,Dayakar Pasunoori(17th Lok Sabha),10.69,10.31,9.4324,5.9383,9.35,0,294,274,188
17th Lok Sabha,5,Lok Sabha,129,Telangana,409,MAHABUBABAD,3019183,Smt Kavitha Malothu(17th Lok Sabha),9.81,9.7809,8.9574,0.83,7.77,0,199,181,18
17th Lok Sabha,5,Lok Sabha,129,Telangana,410,NAGARKURNOOL(SC),3019180,Ramulu Pothuganti(17th Lok Sabha),7.7,7.6594,7.5594,5.7316,6.13,0,193,191,149
17th Lok Sabha,5,Lok Sabha,129,Telangana,411,MALKAJGIRI,3019171,Anumula Revanth Reddy(17th Lok Sabha),3.13,2.4822,1.9722,1.1105,1.63,0,41,34,14
17th Lok Sabha,5,Lok Sabha,129,Telangana,412,ZAHIRABAD,3018397,Bheemrao Baswanthrao Patil,12.32,11.5542,7.9734,2.6554,6.99,0,573,455,173
17th Lok Sabha,5,Lok Sabha,129,Telangana,413,PEDDAPALLE,3018398,Venkatesh Netha Borlakunta,10.85,10.7767,10.5107,0.9826,7.98,0,342,335,23
17th Lok Sabha,5,Lok Sabha,129,Telangana,414,NALGONDA,3019182,Uttam Kumar Nalamada Reddy(17th Lok Sabha),10.96,10.9484,10.9384,9.7339,10.51,0,287,286,251
17th Lok Sabha,5,Lok Sabha,129,Telangana,415,BHONGIR,3017460,Shri Komati Reddy Venkat Reddy (17th Lok Sabha),9.8,8.7479,8.637,3.656,8.5,0,374,359,155
17th Lok Sabha,5,Lok Sabha,10,The Dadra And Nagar Haveli And Daman And Diu,97,DAMAN and DIU,3039176,Lalubhai B Patel (17th Lok Sabha),0.11,0,0,0,0,0,0,0,0
17th Lok Sabha,5,Lok Sabha,31,Tripura,416,TRIPURA WEST,3019184,Ms Pratima Bhoumik(17th Lok Sabha),11.77,11.6155,11.5855,3.8529,10.44,0,198,197,112
17th Lok Sabha,5,Lok Sabha,31,Tripura,417,TRIPURA EAST(ST),3018400,Rebati Tripura,9.81,9.7996,9.7996,0,9.59,0,19,19,0
17th Lok Sabha,5,Lok Sabha,33,Uttar Pradesh,418,ALIGARH,3017466,Shri Satish Kumar Gautam (17th Lok Sabha),4.91,4.7044,4.7044,4.7044,4.7,0,67,67,67
17th Lok Sabha,5,Lok Sabha,33,Uttar Pradesh,419,BARABANKI(SC),3019219,Upendra Singh Rawat(17th Lok Sabha),7.24,7.2365,7.2335,6.4742,7.03,0,1341,1339,1255
17th Lok Sabha,5,Lok Sabha,33,Uttar Pradesh,420,ETAWAH(SC),3019190,Prof Ram Shankar Katheria(17th Lok Sabha),7.36,7.0757,7.0757,6.3805,6.85,0,295,295,263
17th Lok Sabha,5,Lok Sabha,33,Uttar Pradesh,421,FATEHPUR,3019224,Niranjan Jyoti(17th Lok Sabha),7.83,7.5278,7.2023,5.84,6.68,0,66,62,50
17th Lok Sabha,5,Lok Sabha,33,Uttar Pradesh,422,FIROZABAD,3017476,Dr Chandra Sen Jadon (17th Lok Sabha),4.91,4.6773,4.6773,0,4.38,0,33,33,0
17th Lok Sabha,5,Lok Sabha,33,Uttar Pradesh,423,BANSGAON(SC),3019202,Kamlesh Paswan(17th Lok Sabha),7.75,7.6674,7.6674,6.9986,7.49,0,173,173,152
17th Lok Sabha,5,Lok Sabha,33,Uttar Pradesh,424,GORAKHPUR,3019214,Ravindra Shyamnarayan Alias Ravi Kishan Shukla(17th Lok Sabha),7.98,7.408,7.408,2.2493,6.3,0,135,135,35
17th Lok Sabha,5,Lok Sabha,33,Uttar Pradesh,425,HARDOI (SC),3019201,Jai Prakash(17th Lok Sabha),7.36,7.3307,7.3307,0,6.08,0,29,29,0
17th Lok Sabha,5,Lok Sabha,33,Uttar Pradesh,426,MISRIKH(SC),3019244,Ashok Kumar Rawat(17TH Lok Sabha),7.36,7.3318,7.2018,3.5543,6.27,0,14,10,4
17th Lok Sabha,5,Lok Sabha,33,Uttar Pradesh,427,UNNAO,3018402,Swami Sachchidanandhari Sakshi ji Maharaj,10.23,9.3016,9.2958,8.6843,9.27,0,83,82,66
17th Lok Sabha,5,Lok Sabha,33,Uttar Pradesh,428,JAUNPUR,3019640,Shyam Singh Yadav (17th Lok Sabha),9.91,9.4349,9.4349,9.2036,9.4,0,221,221,219
17th Lok Sabha,5,Lok Sabha,33,Uttar Pradesh,429,MACHHLISHAHR(SC),3018406,BP Saroj Bholanath,4.96,4.846,4.846,4.6718,4.83,0,752,752,743
17th Lok Sabha,5,Lok Sabha,33,Uttar Pradesh,430,MEERUT,3017465,Shri Rajendra Agrawal (17th Lok Sabha),7.36,7.2098,7.2098,2.1738,7.07,0,87,87,37
17th Lok Sabha,5,Lok Sabha,33,Uttar Pradesh,431,ROBERTSGANJ(SC),3019206,Pakauri Lal(17th Lok Sabha),5.26,4.9142,4.8804,0.7385,4.74,0,102,99,12
17th Lok Sabha,5,Lok Sabha,33,Uttar Pradesh,432,AMROHA,3017472,Shri Kunwar Danish Ali (17th Lok Sabha),7.36,7.3273,7.3273,7.1523,7.16,0,328,328,325
17th Lok Sabha,5,Lok Sabha,33,Uttar Pradesh,433,GHOSI,3019193,Atul Kumar Singh(17th Lok Sabha),9.81,9.7451,9.7451,6.5826,9.11,0,151,151,120
17th Lok Sabha,5,Lok Sabha,33,Uttar Pradesh,434,SANT KABIR NAGAR,3019209,Praveen Kumar Nishad(17th Lok Sabha),9.81,9.5568,9.5568,6.8794,9.14,0,145,145,107
17th Lok Sabha,5,Lok Sabha,33,Uttar Pradesh,435,BAGHPAT,3019241,Satya Pal Singh(17TH Lok Sabha),9.81,9.7931,9.766,1.0837,9.36,0,87,86,13
17th Lok Sabha,5,Lok Sabha,33,Uttar Pradesh,436,CHANDAULI,3019186,Mahendra Nath Pandey(17th Lok Sabha),7.5,7.2638,7.2638,6.1222,7.2,0,268,268,209
17th Lok Sabha,5,Lok Sabha,33,Uttar Pradesh,437,BADAUN,3019188,Sanghamitra Maurya(17th Lok Sabha),7.36,7.2658,7.0939,4.6996,6.96,0,121,66,39
17th Lok Sabha,5,Lok Sabha,33,Uttar Pradesh,438,GONDA,3019203,Kirti Vardhan Singh(17th Lok Sabha),9.81,9.4469,9.4469,8.7069,9.44,0,135,135,126
17th Lok Sabha,5,Lok Sabha,33,Uttar Pradesh,439,KAISERGANJ,3019195,Brijbhushan Sharan Singh(17th Lok Sabha),7.36,7.3389,7.3389,6.2179,7.2,0,50,50,40
17th Lok Sabha,5,Lok Sabha,33,Uttar Pradesh,440,KANNAUJ,3019218,Subrata Pathak(17th Lok Sabha),7.4,7.0804,6.8304,3.756,6.29,0,119,114,60
17th Lok Sabha,5,Lok Sabha,33,Uttar Pradesh,441,MUZAFFARNAGAR,3019189,Sanjeev Kumar Balyan(17th Lok Sabha),4.91,4.8475,4.8475,1.0688,4.37,0,66,66,17
17th Lok Sabha,5,Lok Sabha,33,Uttar Pradesh,442,AGRA(SC),3017473,Prof SP Singh Baghel (17th Lok Sabha),4.91,4.8949,4.8949,4.8949,4.89,0,36,36,36
17th Lok Sabha,5,Lok Sabha,33,Uttar Pradesh,443,FATEHPUR SIKRI,3019530,Rajkumar Chahar (17th Lok Sabha),4.91,4.8512,4.8512,4.8512,4.85,0,46,46,46
17th Lok Sabha,5,Lok Sabha,33,Uttar Pradesh,444,ALLAHABAD,3019191,Prof Rita Bahuguna Joshi(17th Lok Sabha),7.7,7.5859,7.1695,1.1272,5.57,0,829,822,83
17th Lok Sabha,5,Lok Sabha,33,Uttar Pradesh,445,PHULPUR,3019228,Smt Keshari Devi Patel(17th Lok Sabha),9.76,9.7622,9.7222,4.6132,8.87,0,444,443,239
17th Lok Sabha,5,Lok Sabha,33,Uttar Pradesh,446,BAHRAICH(SC),3018404,Akshaibar Lal,9.81,9.6924,9.6924,7.4296,9.67,0,63,63,48
17th Lok Sabha,5,Lok Sabha,33,Uttar Pradesh,447,BALLIA,3019221,Virendra Singh(17th Lok Sabha),9.49,9.4918,9.3418,4.2318,8.61,0,56,54,23
17th Lok Sabha,5,Lok Sabha,33,Uttar Pradesh,448,SALEMPUR,3019213,Ravindra Kushawaha(17th Lok Sabha),9.7,9.6733,9.6233,2.9633,9.38,0,107,106,31
17th Lok Sabha,5,Lok Sabha,33,Uttar Pradesh,449,FARRUKHABAD,3019205,Mukesh Rajput(17th Lok Sabha),7.36,7.1079,7.1079,6.9979,7.11,0,347,347,346
17th Lok Sabha,5,Lok Sabha,33,Uttar Pradesh,450,GHAZIABAD,3017464,Dr. Vijay Kumar Singh  (Retd) General,7.36,6.2789,6.2789,6.2789,6.28,0,32,32,32
17th Lok Sabha,5,Lok Sabha,33,Uttar Pradesh,451,AKBARPUR,3019196,Devendra Alias Bhole Singh(17th Lok Sabha),7.65,7.1985,7.1985,7.1985,7.2,0,87,87,87
17th Lok Sabha,5,Lok Sabha,33,Uttar Pradesh,452,KANPUR,3019217,Satyadev Pachauri(17th Lok Sabha),4.98,4.746,4.746,4.746,4.75,0,23,23,23
17th Lok Sabha,5,Lok Sabha,33,Uttar Pradesh,453,MATHURA,3019227,Smt Hema Malini(17th Lok Sabha),9.81,9.6671,9.6671,9.4161,9.64,0,110,110,102
17th Lok Sabha,5,Lok Sabha,33,Uttar Pradesh,454,MIRZAPUR,3019225,Smt Anupriya Patel(17th Lok Sabha),10.27,9.5205,9.5205,6.6211,9.21,0,20,20,6
17th Lok Sabha,5,Lok Sabha,33,Uttar Pradesh,455,RAMPUR,3019198,Ghanshyam Singh Lodhi(17th Lok Sabha),4.91,4.8922,4.8922,4.7271,4.73,0,352,352,350
17th Lok Sabha,5,Lok Sabha,33,Uttar Pradesh,456,SITAPUR,3017166,Rajesh Verma,7.36,7.3457,7.3457,7.3457,7.35,0,22,22,22
17th Lok Sabha,5,Lok Sabha,33,Uttar Pradesh,457,VARANASI,3017469,Shri Narendra Modi (17th Lok Sabha),10.77,10.7494,10.7494,10.7494,10.75,0,296,296,296
17th Lok Sabha,5,Lok Sabha,33,Uttar Pradesh,458,AMETHI,3018412,Smriti Irani,9.81,8.6919,8.4219,7.6124,8.13,0,74,69,57
17th Lok Sabha,5,Lok Sabha,33,Uttar Pradesh,459,KUSHI NAGAR,3019220,Vijay Kumar Dubey(17th Lok Sabha),4.72,4.7088,4.6974,0.3538,4.61,0,161,160,5
17th Lok Sabha,5,Lok Sabha,33,Uttar Pradesh,460,FAIZABAD,3017461,Shri Lallu Singh (17th Lok Sabha),7.36,7.2207,7.2207,6.4682,6.94,0,65,65,60
17th Lok Sabha,5,Lok Sabha,33,Uttar Pradesh,461,GHAZIPUR,3019192,Afzal Ansari(17th Lok Sabha),1.62,0.7259,0.2326,0,0.2326,0,45,3,0
17th Lok Sabha,5,Lok Sabha,33,Uttar Pradesh,462,LUCKNOW,3019311,Rajnath Singh(17th Lok Sabha),4.13,4.1255,4.1255,4.1255,4.13,0,42,42,42
17th Lok Sabha,5,Lok Sabha,33,Uttar Pradesh,463,MOHANLALGANJ(SC),3018408,Kaushal Kishore,4.91,4.6678,4.6678,3.5938,4.51,0,49,49,46
17th Lok Sabha,5,Lok Sabha,33,Uttar Pradesh,464,PILIBHIT,3018407,Feroze Varun Gandhi,7.36,7.3373,7.3373,7.2173,7.22,0,142,142,138
17th Lok Sabha,5,Lok Sabha,33,Uttar Pradesh,465,SAHARANPUR,3017475,Shri Haji Fazlur Rehman (17th Lok Sabha),7.36,7.0041,7.0041,6.7848,6.78,0,77,77,72
17th Lok Sabha,5,Lok Sabha,33,Uttar Pradesh,466,KAUSHAMBI(SC),3017463,Shri Vinod Kumar Sonkar (17th Lok Sabha),4.91,4.8967,4.6791,3.8691,4.58,0,98,92,78
17th Lok Sabha,5,Lok Sabha,33,Uttar Pradesh,467,HAMIRPUR_UP,3018403,Kunwar Pushpendra Singh Chandel,9.81,9.6156,9.6156,0.8465,6.03,0,151,151,16
17th Lok Sabha,5,Lok Sabha,33,Uttar Pradesh,468,AZAMGARH,3019528,Dinesh Lal Yadav (17th Lok Sabha),5.16,5.1433,5.1088,1.4495,4.64,0,77,74,7
17th Lok Sabha,5,Lok Sabha,33,Uttar Pradesh,468,AZAMGARH,3059268,Shri Akhilesh Yadav (EX17LS),0.2099,0.044,0.012,0,0.012,0,3,1,0
17th Lok Sabha,5,Lok Sabha,33,Uttar Pradesh,469,LALGANJ (SC),3018411,Sangeeta Azad,5.22,5.1819,5.0902,0,3.86,0,136,131,0
17th Lok Sabha,5,Lok Sabha,33,Uttar Pradesh,470,AONLA,3019197,Dharmendra Kumar Kashyap(17th Lok Sabha),7.56,7.2806,7.2806,7.2806,7.28,0,166,166,166
17th Lok Sabha,5,Lok Sabha,33,Uttar Pradesh,471,BAREILLY,3019216,Santosh Kumar Gangwar(17th Lok Sabha),7.45,7.2504,7.2504,7.2504,7.25,0,75,75,75
17th Lok Sabha,5,Lok Sabha,33,Uttar Pradesh,472,DEORIA,3019212,Ramapati Ram Tripathi(17th Lok Sabha),7.36,7.3499,7.0799,0.0579,6.72,0,104,97,1
17th Lok Sabha,5,Lok Sabha,33,Uttar Pradesh,473,JHANSI,3018405,Anurag Sharma,9.81,9.3065,9.3065,9.1725,9.27,0,138,138,135
17th Lok Sabha,5,Lok Sabha,33,Uttar Pradesh,474,KHERI,3017468,Shri Ajay (Teni) Misra (17th Lok Sabha),4.91,4.7482,4.7482,4.7482,4.75,0,51,51,51
17th Lok Sabha,5,Lok Sabha,33,Uttar Pradesh,475,DHAURAHRA,3017470,Smt Rekha Arun Verma (17th Lok Sabha),4.91,4.8629,4.8629,4.8629,4.86,0,32,32,32
17th Lok Sabha,5,Lok Sabha,33,Uttar Pradesh,476,PRATAPGARH,3019215,Sangam Lal Gupta(17th Lok Sabha),7.36,7.2074,7.2074,6.5212,6.95,0,235,235,222
17th Lok Sabha,5,Lok Sabha,33,Uttar Pradesh,477,SHAHJAHANPUR(SC),3017471,Shri Arun Kumar Sagar (17th Lok Sabha),7.36,7.3346,7.3346,7.3346,7.33,0,416,416,416
17th Lok Sabha,5,Lok Sabha,33,Uttar Pradesh,478,GAUTAM BUDDHA NAGAR,3019187,Mahesh Sharma(17th Lok Sabha),7.36,7.1748,7.1748,2.8326,6.96,0,89,89,35
17th Lok Sabha,5,Lok Sabha,33,Uttar Pradesh,479,MAHARAJGANJ_UP,3019207,Pankaj Chaudhary(17th Lok Sabha),7.36,7.242,7.242,5.4319,6.9,0,53,53,26
17th Lok Sabha,5,Lok Sabha,33,Uttar Pradesh,480,SAMBHAL,3017467,Shri Shafiqur Rahman Barq (17th Lok Sabha),4.91,4.8587,4.7692,4.4099,4.74,0,209,207,200
17th Lok Sabha,5,Lok Sabha,33,Uttar Pradesh,481,BANDA,3019210,RK Singh Patel(17th Lok Sabha),7.36,7.3056,7.2658,5.7728,6.79,0,184,183,154
17th Lok Sabha,5,Lok Sabha,33,Uttar Pradesh,482,ETAH,3018409,Rajveer Raju Bhaiya Singh,7.36,7.3131,7.3131,5.2073,7.28,0,107,107,93
17th Lok Sabha,5,Lok Sabha,33,Uttar Pradesh,483,KAIRANA,3019208,Pradeep Kumar Chaudhary(17th Lok Sabha),7.36,7.1389,7.1389,6.8382,7.06,0,60,60,57
17th Lok Sabha,5,Lok Sabha,33,Uttar Pradesh,484,BASTI,3017474,Shri Harish Dwivedi (17th Lok Sabha),6.05,6.0487,6.0487,0,5.56,0,7,7,0
17th Lok Sabha,5,Lok Sabha,33,Uttar Pradesh,485,BIJNOR,3019204,Malook Nagar(17th Lok Sabha),9.81,9.7943,9.7943,4.1899,9.73,0,168,168,77
17th Lok Sabha,5,Lok Sabha,33,Uttar Pradesh,486,NAGINA(SC),3019199,Girish Chandra(17th Lok Sabha),7.74,7.3389,7.3389,7.3389,7.34,0,238,238,238
17th Lok Sabha,5,Lok Sabha,33,Uttar Pradesh,487,BULANDSHAHR(SC),3019222,Bhola Singh(17th Lok Sabha),7.39,7.2238,7.2238,7.2238,7.22,0,344,344,344
17th Lok Sabha,5,Lok Sabha,33,Uttar Pradesh,488,JALAUN(SC),3019194,Bhanu Pratap Singh Verma(17th Lok Sabha),9.84,9.7354,9.7354,4.0238,8.69,0,87,87,38
17th Lok Sabha,5,Lok Sabha,33,Uttar Pradesh,489,MAINPURI,3019226,Smt Dimple Yadav(17th Lok Sabha),,,,,,,,,
17th Lok Sabha,5,Lok Sabha,33,Uttar Pradesh,489,MAINPURI,3060357,Mulayam Singh Yadav (17LS),0,0,0,0,0,0,0,0,0
17th Lok Sabha,5,Lok Sabha,33,Uttar Pradesh,490,RAE BARELI,3018413,Smt. Sonia Gandhi (2019-24),12.72,11.7114,11.083,4.5368,8.29,0,1478,1474,1111
17th Lok Sabha,5,Lok Sabha,33,Uttar Pradesh,491,DOMARIYAGANJ,3019200,Jagdambika Pal(17th Lok Sabha),9.81,8.442,8.422,0,7.97,0,93,92,0
17th Lok Sabha,5,Lok Sabha,33,Uttar Pradesh,492,AMBEDKAR NAGAR,3017462,Shri Ritesh Pandey (17th Lok Sabha),7.36,7.07,7.07,6.4965,6.98,0,88,88,85
17th Lok Sabha,5,Lok Sabha,33,Uttar Pradesh,493,BHADOHI,3019185,Ramesh Chand Bind(17th Lok Sabha),7.36,7.35,7.35,0,7.02,0,60,60,0
17th Lok Sabha,5,Lok Sabha,33,Uttar Pradesh,494,MORADABAD,3018401,Seyed Tufail Hasan,,,,,,,,,
17th Lok Sabha,5,Lok Sabha,33,Uttar Pradesh,495,SULTANPUR,3018410,Maneka Sanjay Gandhi,6.93,6.9332,6.9332,0,5.66,0,80,80,0
17th Lok Sabha,5,Lok Sabha,33,Uttar Pradesh,496,SHRAWASTI,3019223,Ram Shiromani(17th Lok Sabha),11.29,11.2917,11.2917,6.061,11.19,0,1064,1064,726
17th Lok Sabha,5,Lok Sabha,33,Uttar Pradesh,497,HATHRAS (SC),3019211,Rajvir Diler,,,,,,,,,
17th Lok Sabha,5,Lok Sabha,32,Uttarakhand,498,NAINITAL UDHAM SINGH NAG.,3017176,Ajay Bhatt,9.81,9.5364,9.2266,3.9553,7.94,0,325,312,125
17th Lok Sabha,5,Lok Sabha,32,Uttarakhand,499,GARHWAL,3019230,Tirath Singh Rawat(17th Lok Sabha),9.89,9.6122,9.1122,1.7172,6.94,0,366,350,67
17th Lok Sabha,5,Lok Sabha,32,Uttarakhand,500,HARDWAR,3019229,Ramesh Pokhriyal Nishank(17th Lok Sabha),10.38,10.3675,9.665,0,8.48,0,232,216,0
17th Lok Sabha,5,Lok Sabha,32,Uttarakhand,502,ALMORA(SC),3018414,Ajay Tamta,17.16,16.8662,16.7512,12.4074,15.42,0,1232,1226,847
17th Lok Sabha,5,Lok Sabha,34,West Bengal,503,ARAMBAG(SC),3018420,Aparupa Poddar,7.36,7.3161,7.3161,6.6446,7.29,0,181,181,169
17th Lok Sabha,5,Lok Sabha,34,West Bengal,504,HOOGHLY,3017481,Smt Locket Chatterjee (17th Lok Sabha),9.81,9.7685,9.7685,9.6295,9.77,0,307,307,304
17th Lok Sabha,5,Lok Sabha,34,West Bengal,505,SREERAMPUR,3019373,Kalyan Banerjee (17th Lok Sabha),7.36,7.0361,7.0058,5.5374,6.87,0,114,113,89
17th Lok Sabha,5,Lok Sabha,34,West Bengal,506,PURULIA,3017483,Shri Jyotirmay Singh Mahato (17th Lok Sabha),11.77,11.6078,9.2802,1.2204,2.95,0,144,131,18
17th Lok Sabha,5,Lok Sabha,34,West Bengal,507,BANKURA,3019299,Subhash Sarkar (17th Lok Sabha),14.14,13.9926,13.9926,1.1628,9.79,0,289,289,110
17th Lok Sabha,5,Lok Sabha,34,West Bengal,508,BISHNUPUR(SC),3018416,Saumitra khan,9.81,9.7573,9.4453,6.0961,8.09,0,105,97,58
17th Lok Sabha,5,Lok Sabha,34,West Bengal,509,KRISHNANAGAR,3019231,Ms Mahua Moitra(17th Lok Sabha),4.43,4.4264,4.4264,4.4264,4.43,0,27,27,27
17th Lok Sabha,5,Lok Sabha,34,West Bengal,510,RANAGHAT(SC),3019236,Jagannath Sarkar(17th Lok Sabha),7.36,6.8521,6.8521,4.8914,6.07,0,143,142,109
17th Lok Sabha,5,Lok Sabha,34,West Bengal,511,DARJEELING,3019234,Raju Bista(17th Lok Sabha),9.81,8.3213,7.7113,2.3543,6.26,0,126,116,41
17th Lok Sabha,5,Lok Sabha,34,West Bengal,512,BIRBHUM,3017478,Smt Satabdi Roy (Banerjee) (17th Lok Sabha),7.36,6.8855,6.8855,6.408,6.8,0,130,130,117
17th Lok Sabha,5,Lok Sabha,34,West Bengal,513,BOLPUR(SC),3019335,Asit Kumar Mal (17th Lok Sabha),7.11,7.1084,7.1084,4.4293,6.69,0,59,59,36
17th Lok Sabha,5,Lok Sabha,34,West Bengal,514,COOCHBEHAR(SC),3018419,Nisith Pramanik,5.2,3.149,2.139,0,2.1,0,31,26,0
17th Lok Sabha,5,Lok Sabha,34,West Bengal,515,KANTHI,3017484,Shri Sisir Kumar Adhikari (17th Lok Sabha),9.81,9.6042,9.6042,6.8842,9.3,0,85,85,57
17th Lok Sabha,5,Lok Sabha,34,West Bengal,516,TAMLUK,3017482,Shri Dibyendu Adhikari (17th Lok Sabha),9.81,9.1177,9.1177,5.6971,8.87,0,229,229,146
17th Lok Sabha,5,Lok Sabha,34,West Bengal,517,ALIPURDUARS(ST),3018417,John Barla,9.81,8.667,8.2255,2.1548,6.38,0,118,112,25
17th Lok Sabha,5,Lok Sabha,34,West Bengal,518,HOWRAH,3019233,Prasun Banerjee(17th Lok Sabha),9.81,8.9653,8.5153,7.9436,8.06,0,157,151,148
17th Lok Sabha,5,Lok Sabha,34,West Bengal,519,ULUBERIA,3019237,Smt Sajda Ahmed(17th Lok Sabha),7.36,7.1246,7.1246,6.517,6.85,0,180,180,171
17th Lok Sabha,5,Lok Sabha,34,West Bengal,520,BALURGHAT,3017477,Dr Sukanta Majumdar (17th Lok Sabha),7.36,7.0903,7.0903,2.9161,5.47,0,360,360,178
17th Lok Sabha,5,Lok Sabha,34,West Bengal,521,BAHARAMPUR,3019531,Adhir Ranjan Chowdhury (17th Lok Sabha),22.06,17.1469,14.4633,5.8735,13.09,0,223,198,66
17th Lok Sabha,5,Lok Sabha,34,West Bengal,522,JANGIPUR,3018418,Khalilur Rahaman,19.61,19.4397,19.3897,0.5773,15.58,0,306,305,5
17th Lok Sabha,5,Lok Sabha,34,West Bengal,523,MURSHIDABAD,3019300,Abu Taher Khan(17th Lok Sabha),22.06,21.1381,20.4291,10.5606,17.94,0,213,208,177
17th Lok Sabha,5,Lok Sabha,34,West Bengal,524,DIAMOND HARBOUR,3017487,Shri Abhishek Banerjee (17th Lok Sabha),7.36,7.179,7.179,2.8554,6.99,0,154,154,59
17th Lok Sabha,5,Lok Sabha,34,West Bengal,525,JADAVPUR,3017496,Ms Mimi Chakraborty (17th Lok Sabha),7.36,7.0708,7.0208,3.2208,6.76,0,258,257,119
17th Lok Sabha,5,Lok Sabha,34,West Bengal,526,JOYNAGAR(SC),3018422,Pratima Mondal,7.36,7.3348,7.3348,2.0006,6.99,0,146,146,18
17th Lok Sabha,5,Lok Sabha,34,West Bengal,527,MATHURAPUR(SC),3017490,Shri Choudhury Mohan Jatua (17th Lok Sabha),7.36,7.3275,7.1975,1.1455,6.19,0,123,122,27
17th Lok Sabha,5,Lok Sabha,34,West Bengal,528,KOLKATA DAKSHIN,3018421,Mala Roy,7.36,7.0517,7.0517,2.4052,5.55,0,57,57,23
17th Lok Sabha,5,Lok Sabha,34,West Bengal,529,KOLKATA UTTAR,3019533,Sudip Bandyopadhyay (17th Lok Sabha),9.81,8.9406,8.3376,3.7217,6.57,0,67,57,24
17th Lok Sabha,5,Lok Sabha,34,West Bengal,530,JALPAIGURI(SC),3017486,Dr Jayanta Kumar Roy (17th Lok Sabha),11.77,9.2167,6.3218,0.6441,4.44,0,71,50,5
17th Lok Sabha,5,Lok Sabha,34,West Bengal,531,MALDAHA DAKSHIN,3017488,Shri Abu Hasem Khan Choudhury (17th Lok Sabha),14.71,13.5359,12.4649,3.3679,7.36,0,329,305,99
17th Lok Sabha,5,Lok Sabha,34,West Bengal,532,MALDAHA UTTAR,3019301,Khagen Murmu(17th Lok Sabha),9.81,6.7829,5.1969,1.0705,3.1,0,270,233,44
17th Lok Sabha,5,Lok Sabha,34,West Bengal,533,MEDINIPUR,3017492,Shri Dilip Ghosh (17th Lok Sabha),9.81,9.2657,7.9826,1.4886,6.54,0,178,149,33
17th Lok Sabha,5,Lok Sabha,34,West Bengal,534,GHATAL,3017491,Shri Deepak (Dev) Adhikari (17th Lok Sabha),9.81,9.2314,8.9934,4.8789,7.87,0,204,202,132
17th Lok Sabha,5,Lok Sabha,34,West Bengal,535,BARASAT,3017485,Dr Kakoli Ghosh Dastidar,7.36,7.3268,7.2618,3.691,6.55,0,73,72,37
17th Lok Sabha,5,Lok Sabha,34,West Bengal,536,BARRACKPUR,3017489,Shri Arjun Singh (17th Lok Sabha),9.81,9.3935,9.3935,7.8009,8.98,0,53,53,41
17th Lok Sabha,5,Lok Sabha,34,West Bengal,537,BASIRHAT,3017495,Ms Nusrat Jahan Ruhi (17th Lok Sabha),7.36,7.3446,7.3446,3.2774,7.29,0,29,29,11
17th Lok Sabha,5,Lok Sabha,34,West Bengal,538,DUM DUM,3017493,Prof Saugata Roy (17th Lok Sabha),7.36,7.3137,7.1239,3.3937,6.08,0,72,69,31
17th Lok Sabha,5,Lok Sabha,34,West Bengal,539,BANGAON(SC),3017479,Shri Shantanu Thakur (17th Lok Sabha),9.81,9.7863,9.7863,3.4713,9.28,0,41,41,13
17th Lok Sabha,5,Lok Sabha,34,West Bengal,540,RAIGANJ,3019232,Ms Debasree Chaudhuri(17th Lok Sabha),4.91,4.6446,2.053,0.8849,1.74,0,77,35,17
17th Lok Sabha,5,Lok Sabha,34,West Bengal,541,JHARGRAM(ST),3017480,Shri Kunar Hembram (17th Lok Sabha),7.36,7.3355,7.3355,5.5799,7.31,0,31,31,17
17th Lok Sabha,5,Lok Sabha,34,West Bengal,542,ASANSOL,3019235,Shatrughan Sinha(17th Lok Sabha),7.36,6.7368,6.6428,1.6004,4.77,0,84,81,12
17th Lok Sabha,5,Lok Sabha,34,West Bengal,543,BARDHAMAN-DURGAPUR,3017494,Shri SS Ahluwalia (17th Lok Sabha),14.22,11.9116,11.7258,2.7852,8.4,0,195,193,55
17th Lok Sabha,5,Lok Sabha,34,West Bengal,544,BARDHAMAN PURBA(SC),3019641,Sunil Kumar Mondal (17th Lok Sabha),9.81,9.7353,9.7353,5.1956,8.64,0,45,45,26
